stratum,base_tool,param_set,n,slope,intercept,r2,pearson,ccc,ccc_lo,ccc_hi
pooled,Centrifuger,mhl100_ms0,180,0.5918319751927024,-0.5085567331900094,0.06294150318752055,0.25088145245816906,0.06372630868728926,0.025725653467029857,0.10154305983850062
pooled,Centrifuger,mhl100_ms100,180,0.5918319751927024,-0.5085567331900094,0.06294150318752055,0.25088145245816906,0.06372630868728926,0.025725653467029857,0.10154305983850062
pooled,Centrifuger,mhl100_ms500,180,0.5918319751927024,-0.5085567331900094,0.06294150318752055,0.25088145245816906,0.06372630868728926,0.025725653467029857,0.10154305983850062
pooled,Centrifuger,mhl50_ms0,180,0.7811874723190112,-0.38904228157075016,0.09624097688536153,0.3102272987429721,0.1302267474652252,0.0684651811193047,0.1909939482074526
pooled,Centrifuger,mhl50_ms100,180,0.7811874723190112,-0.38904228157075016,0.09624097688536153,0.3102272987429721,0.1302267474652252,0.0684651811193047,0.1909939482074526
pooled,Centrifuger,mhl50_ms500,180,0.7811874723190112,-0.38904228157075016,0.09624097688536153,0.3102272987429721,0.1302267474652252,0.0684651811193047,0.1909939482074526
pooled,Centrifuger,mhlauto_ms0,180,0.8336980558164518,0.5249728071013368,0.2997460215670812,0.5474906588856843,0.47034894555822515,0.3685420967505365,0.5610071051698381
pooled,Centrifuger,mhlauto_ms100,180,0.9113983550346462,0.17100506833873394,0.3431725486766866,0.5858093108484078,0.5327927090870226,0.4350103595326144,0.6181550470487365
pooled,Centrifuger,mhlauto_ms500,180,0.8835002702652799,-0.23233406293458977,0.1503581802733652,0.387760467651571,0.23053191345608257,0.14703340712849344,0.310768099905344
pooled,EsViritu,sense,180,0.7800612520252536,0.13667123750392174,0.23422477824250415,0.4839677450435145,0.3669467618156717,0.2673023818073059,0.45882662608997776
pooled,EsViritu,sr,180,0.9498762890278553,-0.47657503363097653,0.18288211609711225,0.427647186471643,0.23272256422073853,0.15565500414743044,0.3069741539113054
pooled,Kraken2,conf0.2_mhg2,180,0.7343402817161279,-0.4186422495323718,0.08706775889696065,0.295072463806707,0.11000412346021121,0.05474275463497908,0.1645936652737946
pooled,Kraken2,conf0.2_mhg3,180,0.7343402817161279,-0.4186422495323718,0.08706775889696065,0.295072463806707,0.11000412346021121,0.05474275463497908,0.1645936652737946
pooled,Kraken2,conf0.2_mhg5,180,0.7343402817161279,-0.4186422495323718,0.08706775889696065,0.295072463806707,0.11000412346021121,0.05474275463497908,0.1645936652737946
pooled,Kraken2,conf0.5_mhg2,180,0.548847202904396,-0.42664291806561583,0.05409513468667917,0.2325836079492258,0.058741292647689625,0.021034940600056982,0.09628077501482328
pooled,Kraken2,conf0.5_mhg3,180,0.548847202904396,-0.42664291806561583,0.05409513468667917,0.2325836079492258,0.058741292647689625,0.021034940600056982,0.09628077501482328
pooled,Kraken2,conf0.5_mhg5,180,0.548847202904396,-0.42664291806561583,0.05409513468667917,0.2325836079492258,0.058741292647689625,0.021034940600056982,0.09628077501482328
pooled,Kraken2,conf0_mhg2,180,0.9605702540308813,-0.20903172947544602,0.305405119776133,0.5526347073575204,0.4195335391573888,0.3257207256804168,0.5051659578411988
pooled,Kraken2,conf0_mhg3,180,0.9500439698248254,-0.3289116611756199,0.23393521160333616,0.4836684934987352,0.3117991805354906,0.22464088470750807,0.3940081041435789
pooled,Kraken2,conf0_mhg5,180,0.8990532633548337,-0.3639882868671094,0.16771037764989438,0.4095245751476879,0.22521475921817083,0.14704685209792026,0.30058707536011575
pooled,Metabuli,prec0_ms0.15_ptax10239,180,0.997321304406259,-0.526758275613558,0.22031833098750236,0.46938079529045745,0.26964328965766454,0.189834692264187,0.34591192566393164
pooled,Metabuli,prec0_ms0_ptax10239,180,0.7964817484702953,0.385256153792317,0.26973213056564843,0.5193574208246651,0.4743133461353571,0.367267890919196,0.5689581726225568
pooled,Metabuli,prec1_ms0.15_ptax10239,180,0.8829238525854616,-0.5836362332579805,0.15051735917875525,0.38796566752581996,0.16527258661873456,0.10259651136953889,0.226641560501353
pooled,Metabuli,prec1_ms0_ptax10239,180,0.8829238525854616,-0.5836362332579805,0.15051735917875525,0.38796566752581996,0.16527258661873456,0.10259651136953889,0.226641560501353
resolvable,Centrifuger,mhl100_ms0,90,1.0675246729562888,-0.783906466243417,0.2678460412880912,0.5175384442609957,0.27237476799853905,0.16665665947124053,0.3719018223417999
resolvable,Centrifuger,mhl100_ms100,90,1.0675246729562888,-0.783906466243417,0.2678460412880912,0.5175384442609957,0.27237476799853905,0.16665665947124053,0.3719018223417999
resolvable,Centrifuger,mhl100_ms500,90,1.0675246729562888,-0.783906466243417,0.2678460412880912,0.5175384442609957,0.27237476799853905,0.16665665947124053,0.3719018223417999
resolvable,Centrifuger,mhl50_ms0,90,0.9172263723695435,0.14117333289373826,0.7895073648283201,0.8885422695788421,0.8859100370764241,0.8319891809110241,0.9232506888367565
resolvable,Centrifuger,mhl50_ms100,90,0.9172263723695435,0.14117333289373826,0.7895073648283201,0.8885422695788421,0.8859100370764241,0.8319891809110241,0.9232506888367565
resolvable,Centrifuger,mhl50_ms500,90,0.9172263723695435,0.14117333289373826,0.7895073648283201,0.8885422695788421,0.8859100370764241,0.8319891809110241,0.9232506888367565
resolvable,Centrifuger,mhlauto_ms0,90,0.8921491739432204,0.3674178048933196,0.5962591190585393,0.7721781653598734,0.7231555897213499,0.61680538532985,0.803575682348103
resolvable,Centrifuger,mhlauto_ms100,90,0.9049580681673697,0.2857062458474019,0.7304581720427217,0.8546684573814116,0.8332197767063874,0.7596335798118803,0.8857409739564567
resolvable,Centrifuger,mhlauto_ms500,90,0.9043040417148319,0.25833856095286417,0.7787752888057174,0.8824824580725203,0.8720735458713453,0.8127911596043893,0.9134792852849071
resolvable,EsViritu,sense,90,0.9832977093525329,0.04803831124879985,0.9919935677765568,0.9959887387799913,0.9953138421547899,0.9929309995172423,0.9968947196513065
resolvable,EsViritu,sr,90,0.9847686809469541,0.03467681977418221,0.987032545008113,0.9934951157444677,0.9934199342799485,0.9900362321983532,0.9956570366740649
resolvable,Kraken2,conf0.2_mhg2,90,0.9084100020534531,0.08211865035886275,0.668357685234975,0.8175314582540385,0.7885108507117523,0.6999699566217826,0.8531794022792243
resolvable,Kraken2,conf0.2_mhg3,90,0.9084100020534531,0.08211865035886275,0.668357685234975,0.8175314582540385,0.7885108507117523,0.6999699566217826,0.8531794022792243
resolvable,Kraken2,conf0.2_mhg5,90,0.9084100020534531,0.08211865035886275,0.668357685234975,0.8175314582540385,0.7885108507117523,0.6999699566217826,0.8531794022792243
resolvable,Kraken2,conf0.5_mhg2,90,0.9875996346486958,-0.6321117917814194,0.22332718725081585,0.47257505991198484,0.24537286964558477,0.13975245370144052,0.34547244953531464
resolvable,Kraken2,conf0.5_mhg3,90,0.9875996346486958,-0.6321117917814194,0.22332718725081585,0.47257505991198484,0.24537286964558477,0.13975245370144052,0.34547244953531464
resolvable,Kraken2,conf0.5_mhg5,90,0.9875996346486958,-0.6321117917814194,0.22332718725081585,0.47257505991198484,0.24537286964558477,0.13975245370144052,0.34547244953531464
resolvable,Kraken2,conf0_mhg2,90,0.9256305938236149,0.15039505963197505,0.870865619345641,0.93320181062064,0.9331569118199061,0.9002248283827,0.9554740332586836
resolvable,Kraken2,conf0_mhg3,90,0.9277555383064318,0.14375995081609244,0.8761073981103081,0.9360060887143354,0.9359111257982596,0.9042724249325644,0.9573273186673573
resolvable,Kraken2,conf0_mhg5,90,0.9292577925289317,0.13774385112124468,0.8790280264197878,0.9375649451743532,0.9373674044879633,0.9064164175905765,0.9583058178930122
resolvable,Metabuli,prec0_ms0.15_ptax10239,90,0.9255848344737229,0.146381361238735,0.8604609527095165,0.9276103453010404,0.927493949849505,0.89192116417813,0.9516575734734771
resolvable,Metabuli,prec0_ms0_ptax10239,90,0.8481362511812096,0.38294266839179786,0.6149339672206481,0.7841772549753329,0.7705505042397554,0.6733525345998279,0.8415644444287355
resolvable,Metabuli,prec1_ms0.15_ptax10239,90,0.9770499885835082,-0.07825706003012284,0.7557676625009628,0.8693489877494325,0.8278016123844298,0.7554286826779136,0.8802194618072278
resolvable,Metabuli,prec1_ms0_ptax10239,90,0.9770499885835082,-0.07825706003012284,0.7557676625009628,0.8693489877494325,0.8278016123844298,0.7554286826779136,0.8802194618072278
