contrast,rank,estimate,SE,df,t.ratio,p.value,metric
Centrifuger - EsViritu,family,-0.0457415786827566,0.02663313858399274,28,-1.7174685791725863,0.09693639341602446,F1
Kraken2 - EsViritu,family,-0.047708466702178744,0.02663313858399276,28,-1.7913197331858148,0.09693639341602446,F1
Metabuli - EsViritu,family,-0.0737998201840023,0.026633138583992716,28,-2.7709772151434726,0.019633460407670396,F1
Sylph - EsViritu,family,-0.2527079424640412,0.026633138583992726,28,-9.488477734874472,1.211166104859735e-9,F1
Centrifuger - EsViritu,genus,-0.128579933644822,0.026633138583992733,28,-4.827817541643483,5.9210681267088184e-5,F1
Kraken2 - EsViritu,genus,-0.061238152769470956,0.02663313858399272,28,-2.2993216731233037,0.029155670623237283,F1
Metabuli - EsViritu,genus,-0.1702108280684303,0.026633138583992733,28,-6.390941403005796,1.286806163640336e-6,F1
Sylph - EsViritu,genus,-0.30167605846181955,0.026633138583992737,28,-11.327093782447982,2.295988622666335e-11,F1
Centrifuger - EsViritu,species,-0.09563836303253835,0.02663313858399272,28,-3.590953530727308,0.0024867683082588116,F1
Kraken2 - EsViritu,species,0.02337479343086802,0.026633138583992706,28,0.8776582360787532,0.3875981499103939,F1
Metabuli - EsViritu,species,-0.08693507312327346,0.02663313858399272,28,-3.2641692922937717,0.0038576192005668848,F1
Sylph - EsViritu,species,-0.2833245190896462,0.026633138583992706,28,-10.638044712459555,9.659168746205599e-11,F1
Centrifuger - EsViritu,family,0.18641114259377853,0.0176722617539593,22,10.548233451330297,1.3593962731833709e-9,bray_curtis_rel
Kraken2 - EsViritu,family,-0.011327444800676094,0.0176722617539593,22,-0.6409731226473199,0.5281613788632472,bray_curtis_rel
Metabuli - EsViritu,family,0.028381885199405144,0.017672261753959303,22,1.6060131744623154,0.18379580635164477,bray_curtis_rel
Centrifuger - EsViritu,genus,0.22699339797667917,0.017672261753959296,22,12.84461497554627,3.195300585573327e-11,bray_curtis_rel
Kraken2 - EsViritu,genus,-0.011057256557951839,0.017672261753959296,22,-0.6256842905506744,0.5379594524874773,bray_curtis_rel
Metabuli - EsViritu,genus,0.06736623264206752,0.017672261753959296,22,3.811975715387691,0.0014294721294110522,bray_curtis_rel
Centrifuger - EsViritu,species,0.384759636862329,0.0176722617539593,22,21.77195212582947,3.365737755726342e-16,bray_curtis_rel
Kraken2 - EsViritu,species,0.31518741878740447,0.0176722617539593,22,17.835148843740377,1.4393122591474438e-14,bray_curtis_rel
Metabuli - EsViritu,species,0.455804826959081,0.0176722617539593,22,25.792104785736456,1.8530740126403055e-17,bray_curtis_rel
Centrifuger - EsViritu,family,-0.4043306198174274,0.05287814035171226,22,-7.6464606570517315,3.7192920113807255e-7,pearson
Kraken2 - EsViritu,family,0.026761394371061408,0.05287814035171226,22,0.5060956038366966,0.762405868914435,pearson
Metabuli - EsViritu,family,0.016186039574270526,0.052878140351712274,22,0.30610077182387896,0.762405868914435,pearson
Centrifuger - EsViritu,genus,-0.5185246708780389,0.052878140351712254,22,-9.806030761088376,5.165908819663703e-9,pearson
Kraken2 - EsViritu,genus,0.014272063230727166,0.052878140351712254,22,0.26990478741873947,0.7897491049028651,pearson
Metabuli - EsViritu,genus,-0.22504542787818313,0.052878140351712254,22,-4.2559255371184,4.843808704341282e-4,pearson
Centrifuger - EsViritu,species,-0.7430163511247827,0.05287814035171226,22,-14.051484151725145,2.7221690917834556e-12,pearson
Kraken2 - EsViritu,species,-0.7210796875989605,0.05287814035171226,22,-13.636630993502989,3.2876276979923528e-12,pearson
Metabuli - EsViritu,species,-0.7824918011440226,0.05287814035171226,22,-14.798020428467744,1.935237253229307e-12,pearson
