base_tool,rank,emmean,SE,df,lower.CL,upper.CL,metric
EsViritu,family,0.9937017231134877,0.031307762100417164,70,0.9312603604939123,1.0561430857330631,F1
Centrifuger,family,0.7266704854422255,0.03130776210041716,70,0.66422912282265,0.7891118480618009,F1
Kraken2,family,0.9268331084120556,0.03130776210041709,70,0.8643917457924803,0.9892744710316308,F1
Metabuli,family,0.860060158005364,0.031307762100417115,70,0.7976187953857886,0.9225015206249393,F1
Sylph,family,0.5399509590780448,0.03130776210041712,70,0.47750959645846947,0.6023923216976201,F1
EsViritu,genus,0.9939269272210793,0.031307762100417094,70,0.9314855646015041,1.0563682898406546,F1
Centrifuger,genus,0.6482565886641689,0.03130776210041715,70,0.5858152260445936,0.7106979512837442,F1
Kraken2,genus,0.7843081446538991,0.03130776210041712,70,0.7218667820343238,0.8467495072734744,F1
Metabuli,genus,0.3553986963711119,0.03130776210041711,70,0.2929573337515366,0.41784005899068716,F1
Sylph,genus,0.48660831105145,0.031307762100417115,70,0.4241669484318747,0.5490496736710253,F1
EsViritu,species,0.810180014372561,0.031307762100417115,70,0.7477386517529857,0.8726213769921364,F1
Centrifuger,species,0.5789658208136468,0.03130776210041711,70,0.5165244581940714,0.6414071834332221,F1
Kraken2,species,0.7401526212874929,0.031307762100417115,70,0.6777112586679176,0.8025939839070683,F1
Metabuli,species,0.15826585601006504,0.03130776210041711,70,0.09582449339048973,0.22070721862964035,F1
Sylph,species,0.4226314647250283,0.0313077621004171,70,0.36019010210545305,0.4850728273446036,F1
EsViritu,family,0.16238223498755108,0.02343018837668795,70,0.11565219775329474,0.20911227222180742,bray_curtis
Centrifuger,family,0.5626826609563109,0.023430188376687942,70,0.5159526237220546,0.6094126981905672,bray_curtis
Kraken2,family,0.5585556399223226,0.023430188376687894,70,0.5118256026880664,0.6052856771565788,bray_curtis
Metabuli,family,0.7031226416694372,0.023430188376687915,70,0.6563926044351809,0.7498526789036934,bray_curtis
Sylph,family,0.5657130249144149,0.02343018837668792,70,0.5189829876801586,0.6124430621486712,bray_curtis
EsViritu,genus,0.18660130074499232,0.023430188376687894,70,0.1398712635107361,0.23333133797924854,bray_curtis
Centrifuger,genus,0.5927922331783415,0.02343018837668793,70,0.5460621959440852,0.6395222704125978,bray_curtis
Kraken2,genus,0.6256638045282906,0.023430188376687925,70,0.5789337672940343,0.6723938417625469,bray_curtis
Metabuli,genus,0.8262964894989904,0.023430188376687904,70,0.7795664522647341,0.8730265267332467,bray_curtis
Sylph,genus,0.6048565927975804,0.023430188376687904,70,0.5581265555633241,0.6515866300318367,bray_curtis
EsViritu,species,0.28394783704049253,0.023430188376687915,70,0.23721779980623628,0.3306778742747488,bray_curtis
Centrifuger,species,0.6752141061957846,0.023430188376687908,70,0.6284840689615283,0.7219441434300409,bray_curtis
Kraken2,species,0.7596423269122796,0.023430188376687908,70,0.7129122896780233,0.8063723641465359,bray_curtis
Metabuli,species,0.8938451855019243,0.023430188376687908,70,0.847115148267668,0.9405752227361805,bray_curtis
Sylph,species,0.6641461559904801,0.023430188376687908,70,0.6174161187562238,0.7108761932247364,bray_curtis
EsViritu,family,0.9257226716830933,0.05945270219569985,70,0.8071479960289092,1.0442973473372774,pearson
Centrifuger,family,0.32055390242171555,0.05945270219569982,70,0.20197922676753155,0.43912857807589956,pearson
Kraken2,family,0.5875892060369069,0.059452702195699696,70,0.4690145303827231,0.7061638816910907,pearson
Metabuli,family,0.06860163658783631,0.05945270219569976,70,-0.04997303906634756,0.1871763122420202,pearson
Sylph,family,0.4958948238653755,0.059452702195699765,70,0.3773201482111916,0.6144694995195594,pearson
EsViritu,genus,0.9111413675561408,0.0594527021956997,70,0.792566691901957,1.0297160432103245,pearson
Centrifuger,genus,0.3207729550396153,0.05945270219569979,70,0.20219827938543133,0.43934763069379923,pearson
Kraken2,genus,0.48918472008903213,0.059452702195699786,70,0.3706100444348482,0.607759395743216,pearson
Metabuli,genus,0.08032125000144699,0.059452702195699744,70,-0.03825342565273686,0.19889592565563086,pearson
Sylph,genus,0.5189934342733176,0.05945270219569973,70,0.40041875861913373,0.6375681099275013,pearson
EsViritu,species,0.7830197555002675,0.05945270219569975,70,0.6644450798460836,0.9015944311544514,pearson
Centrifuger,species,0.3038317358421454,0.05945270219569971,70,0.18525706018796162,0.4224064114963292,pearson
Kraken2,species,-0.006724118560539338,0.059452702195699744,70,-0.12529879421472317,0.11185055709364451,pearson
Metabuli,species,0.05630516626586146,0.05945270219569972,70,-0.06226950938832235,0.17487984192004527,pearson
Sylph,species,0.44312026685551,0.05945270219569973,70,0.32454559120132614,0.5616949425096938,pearson
