.y.,group1,group2,n1,n2,statistic,p,p.adj,p.adj.signif
n_species,EsViritu,Centrifuger,7,7,10,0.098,0.108,ns
n_species,EsViritu,Kraken2,7,7,0,0.016,0.026,*
n_species,EsViritu,Metabuli,7,7,0,0.016,0.026,*
n_species,EsViritu,Sylph,7,7,10,0.089,0.108,ns
n_species,Centrifuger,Kraken2,7,7,0,0.016,0.026,*
n_species,Centrifuger,Metabuli,7,7,0,0.016,0.026,*
n_species,Centrifuger,Sylph,7,7,1,1,1,ns
n_species,Kraken2,Metabuli,7,7,3,0.078,0.108,ns
n_species,Kraken2,Sylph,7,7,28,0.016,0.026,*
n_species,Metabuli,Sylph,7,7,28,0.016,0.026,*
