base_tool,rank,n_param_sets,mean_F1,sd_F1,range_F1,iqr_F1,cv_F1
Centrifuger,family,9,0.8236953256233471,0.07351647145654543,0.16857897233162988,0.14118684283771787,0.08925201973303713
Centrifuger,genus,9,0.6435449250505779,0.15336532316239213,0.4621898537760272,0.11752481942949766,0.23831331301437694
Centrifuger,species,9,0.5314419334466838,0.19500980983332242,0.5599677207243412,0.0971649714960452,0.36694471692999464
EsViritu,family,2,0.9708176437978624,0.032362975330579,0.04576815863125072,0.022884079315625305,0.033335792295630565
EsViritu,genus,2,0.9612485221900524,0.046214243591599695,0.06535681006205418,0.032678405031027036,0.048077310419482225
EsViritu,species,2,0.7278415710166213,0.06420522820232838,0.09079990449899233,0.04539995224949622,0.08821319193495498
Kraken2,family,9,0.8470230693503419,0.07751498716597419,0.18890266774377285,0.1720624264520214,0.09151461155057725
Kraken2,genus,9,0.7711777521296362,0.07223659501824953,0.1810737541140479,0.11319196695124067,0.09367048623843915
Kraken2,species,9,0.7302461105774577,0.07741474110371567,0.18676520118984974,0.13545696839146226,0.10601184995357019
Metabuli,family,8,0.904219134048959,0.027255511737690214,0.05887863472479404,0.014719658681198622,0.030142595651171503
Metabuli,genus,8,0.6758114116563048,0.19778115717184008,0.4292625712883088,0.11191828236519208,0.2926573209042303
Metabuli,species,8,0.5614189514232044,0.24888969524964175,0.5457589885318577,0.13643974713296436,0.44332257509067535
Sylph,family,3,0.48761895370523345,0.14671661467449232,0.2790826825998952,0.1395413412999476,0.30088374038713595
Sylph,genus,3,0.44665072588707627,0.14651560171946984,0.28474104086409585,0.14237052043204795,0.3280317107477676
Sylph,species,3,0.3889155476521997,0.13001347159773716,0.25338453385200294,0.1266922669260015,0.3342974390779715
