accession,ANI,base_tool,ld50_reads,ld50_lo,ld50_hi,censoring,prob_at_min_reads,prob_at_max_reads,slope_logit,se_log10_ld50,ci_method,tested_min_read_pairs,tested_max_read_pairs,converged,full_rank,ld50_plot,ld50_lo_plot,ld50_hi_plot
OM892290.1,95.62,EsViritu,NA,NA,NA,left_censored,0.9761904761904762,0.9761904761904759,-3.4380227071507887e-15,NA,delta method on log10 LD50,1,1000,TRUE,TRUE,1,NA,NA
OM892290.1,95.62,Centrifuger,2.490495881288057,1.0583947754195164,5.860355586368289,estimable,0.23118773304353216,0.9996275274039049,3.0321970947623,0.18961478037881166,delta method on log10 LD50,1,1000,TRUE,TRUE,2.490495881288057,1.0583947754195164,5.860355586368289
OM892290.1,95.62,Kraken2,1.2730730674958897,0.5619200873123981,2.8842447027211575,estimable,0.414901837809332,0.999924482946505,3.2782714027079027,0.18121698967378114,delta method on log10 LD50,1,1000,TRUE,TRUE,1.2730730674958897,1,2.8842447027211575
OM892290.1,95.62,Metabuli,NA,NA,NA,left_censored,0.9761904761904762,0.9761904761904762,-9.759349767653113e-17,NA,delta method on log10 LD50,1,1000,TRUE,TRUE,1,NA,NA
OM892290.1,95.62,Sylph,8.03589025101703,3.871499724010152,16.679720193677902,estimable,0.03713225219901741,0.9994665681310487,3.5970252574482906,0.16181662860438634,delta method on log10 LD50,1,1000,TRUE,TRUE,8.03589025101703,3.871499724010152,16.679720193677902
OM892302.1,76.39,EsViritu,7.716296080370702,2.715196028268531,21.92888637875382,estimable,0.1444231071371901,0.9857297739712143,2.004745239283787,0.2314367495496568,delta method on log10 LD50,1,1000,TRUE,TRUE,7.716296080370702,2.715196028268531,21.92888637875382
OM892302.1,76.39,Centrifuger,NA,NA,NA,right_censored,0.023809523809523805,0.023809523809523753,-8.881784197001252e-16,NA,delta method on log10 LD50,1,1000,TRUE,TRUE,1000,NA,NA
OM892302.1,76.39,Kraken2,NA,NA,NA,right_censored,0.02380952380952387,0.023809523809523767,-1.3322676295501878e-15,NA,delta method on log10 LD50,1,1000,TRUE,TRUE,1000,NA,NA
OM892302.1,76.39,Metabuli,0.12014614991771706,0.001371720002009608,10.523355581972055,left_censored,0.7948035760103264,0.9968848804789344,1.4714134842059257,0.9910612655574901,delta method on log10 LD50,1,1000,TRUE,TRUE,1,1,10.523355581972055
OM892302.1,76.39,Sylph,NA,NA,NA,right_censored,0.023809523809523826,0.023809523809523784,-4.440892098500626e-16,NA,delta method on log10 LD50,1,1000,TRUE,TRUE,1000,NA,NA
OR607356.1,91.55,EsViritu,NA,NA,NA,left_censored,0.9761904761904762,0.9761904761904759,-3.0729477279299016e-15,NA,delta method on log10 LD50,1,1000,TRUE,TRUE,1,NA,NA
OR607356.1,91.55,Centrifuger,19.951706803509285,8.470072391914423,46.9973084000084,estimable,0.0250763839589347,0.991730268821131,2.815760587085027,0.18984682109232429,delta method on log10 LD50,1,1000,TRUE,TRUE,19.951706803509285,8.470072391914423,46.9973084000084
OR607356.1,91.55,Kraken2,10.037609320720984,4.829292486858627,20.863014851470155,estimable,0.02849696223857609,0.9991253937695639,3.5233029028502743,0.1621186825155656,delta method on log10 LD50,1,1000,TRUE,TRUE,10.037609320720984,4.829292486858627,20.863014851470155
OR607356.1,91.55,Metabuli,0,0,Inf,left_censored,0.9761904761904762,0.9761904761904762,4.89585829755837e-16,1437164686955739e16,delta method on log10 LD50,1,1000,TRUE,TRUE,1,1,1000
OR607356.1,91.55,Sylph,Inf,0,Inf,right_censored,0.023809523809523774,0.023809523809523826,7.404120467000281e-16,628372635166821e16,delta method on log10 LD50,1,1000,TRUE,TRUE,1000,1,1000
PP228892.1,75.91,EsViritu,39.94083430653836,14.22813385235497,112.12083479509224,estimable,0.040277504116037935,0.9409904397049188,1.9800281944827591,0.22871297317575215,delta method on log10 LD50,1,1000,TRUE,TRUE,39.94083430653836,14.22813385235497,112.12083479509224
PP228892.1,75.91,Centrifuger,NA,NA,NA,right_censored,0.023809523809523767,0.023809523809523732,-4.440892098500626e-16,NA,delta method on log10 LD50,1,1000,TRUE,TRUE,1000,NA,NA
PP228892.1,75.91,Kraken2,NA,NA,NA,right_censored,0.02380952380952389,0.023809523809523857,-4.440892098500626e-16,NA,delta method on log10 LD50,1,1000,TRUE,TRUE,1000,NA,NA
PP228892.1,75.91,Metabuli,0.12014614991771583,0.001371720002009538,10.523355581972384,left_censored,0.7948035760103265,0.9968848804789344,1.4714134842059199,0.9910612655574993,delta method on log10 LD50,1,1000,TRUE,TRUE,1,1,10.523355581972384
PP228892.1,75.91,Sylph,Inf,0,Inf,right_censored,0.023809523809523805,0.02380952380952387,8.881784197001252e-16,4366804836603659e15,delta method on log10 LD50,1,1000,TRUE,TRUE,1000,1,1000
PP410071.1,87.88,EsViritu,0.6720159380604617,0.16411619940743977,2.7517418916466205,left_censored,0.6032439650536472,0.9995477735812095,2.4272917060560926,0.31236702665391003,delta method on log10 LD50,1,1000,TRUE,TRUE,1,1,2.7517418916466205
PP410071.1,87.88,Centrifuger,517.9306256625339,199.0217839375735,1347.853122868829,estimable,8.907753772706098e-4,0.6768326530543375,2.587260284688514,0.21192786220078444,delta method on log10 LD50,1,1000,TRUE,TRUE,517.9306256625339,199.0217839375735,1000
PP410071.1,87.88,Kraken2,64.30340341962669,31.12232985757149,132.860480249081,estimable,0.00101589511998906,0.9894568667430594,3.8108833844199603,0.16079982120636785,delta method on log10 LD50,1,1000,TRUE,TRUE,64.30340341962669,31.12232985757149,132.860480249081
PP410071.1,87.88,Metabuli,0.1201461499177157,0.0013717200020095521,10.52335558197227,left_censored,0.7948035760103265,0.9968848804789344,1.471413484205919,0.9910612655574971,delta method on log10 LD50,1,1000,TRUE,TRUE,1,1,10.52335558197227
PP410071.1,87.88,Sylph,NA,NA,NA,right_censored,0.023809523809523805,0.023809523809523784,0,NA,delta method on log10 LD50,1,1000,TRUE,TRUE,1000,NA,NA
PP410088.1,86.76,EsViritu,0.672015938060461,0.16411619940743977,2.7517418916466148,left_censored,0.6032439650536474,0.9995477735812095,2.4272917060560935,0.3123670266539098,delta method on log10 LD50,1,1000,TRUE,TRUE,1,1,2.7517418916466148
PP410088.1,86.76,Centrifuger,323.58562439910764,125.78979260713864,832.4018519116164,estimable,0.0017467607341268953,0.775447579244069,2.529191710519025,0.20936293807763587,delta method on log10 LD50,1,1000,TRUE,TRUE,323.58562439910764,125.78979260713864,832.4018519116164
PP410088.1,86.76,Kraken2,64.30340341962666,31.122329857571376,132.86048024908126,estimable,0.00101589511998906,0.9894568667430594,3.8108833844199608,0.16079982120636846,delta method on log10 LD50,1,1000,TRUE,TRUE,64.30340341962666,31.122329857571376,132.86048024908126
PP410088.1,86.76,Metabuli,0.005415510883179391,9.698849581068365e-9,3023.8388461122954,left_censored,0.8882834972286584,0.991980327960886,0.9148264132116044,2.932155516295157,delta method on log10 LD50,1,1000,TRUE,TRUE,1,1,1000
PP410088.1,86.76,Sylph,NA,NA,NA,right_censored,0.02380952380952389,0.023809523809523704,-2.6645352591003757e-15,NA,delta method on log10 LD50,1,1000,TRUE,TRUE,1000,NA,NA
PZ364880.1,85.05,EsViritu,1.94033186452381,0.9341277486354014,4.03037780430599,estimable,0.22964102731198585,0.9999888358470651,4.204376881621368,0.16197733486549915,delta method on log10 LD50,1,1000,TRUE,TRUE,1.94033186452381,1,4.03037780430599
PZ364880.1,85.05,Centrifuger,126.39924053751322,50.76224296103517,314.7372353251574,estimable,0.0051959585841854046,0.9042849128995446,2.500144396761331,0.20214843957843756,delta method on log10 LD50,1,1000,TRUE,TRUE,126.39924053751322,50.76224296103517,314.7372353251574
PZ364880.1,85.05,Kraken2,23.825985833449845,11.315338797105872,50.1688558437992,estimable,0.0013116481999308459,0.9995985355837136,4.818382788654233,0.16499452025794134,delta method on log10 LD50,1,1000,TRUE,TRUE,23.825985833449845,11.315338797105872,50.1688558437992
PZ364880.1,85.05,Metabuli,NA,NA,NA,left_censored,0.9761904761904762,0.9761904761904762,-8.881784197001252e-16,NA,delta method on log10 LD50,1,1000,TRUE,TRUE,1,NA,NA
PZ364880.1,85.05,Sylph,Inf,0,Inf,right_censored,0.023809523809523784,0.023809523809523846,8.881784197001252e-16,4366804836603668e15,delta method on log10 LD50,1,1000,TRUE,TRUE,1000,1,1000
