accession,ANI,base_tool,param_set,ld50_reads,ld50_lo,ld50_hi,censoring,prob_at_min_reads,prob_at_max_reads,slope_logit,se_log10_ld50,ci_method,tested_min_read_pairs,tested_max_read_pairs,converged,full_rank,ld50_plot,ld50_lo_plot,ld50_hi_plot
OM892290.1,95.62,EsViritu,sense,NA,NA,NA,left_censored,0.9761904761912102,0.9761904761912102,-4.48373441926764e-16,NA,delta method on log10 LD50,1,1000,TRUE,TRUE,1,NA,NA
OM892290.1,95.62,EsViritu,sr,NA,NA,NA,left_censored,0.9761904761912102,0.9761904761912102,-4.48373441926764e-16,NA,delta method on log10 LD50,1,1000,TRUE,TRUE,1,NA,NA
OM892290.1,95.62,Centrifuger,mhl100_ms0,2.4904958967527357,1.0583947677176655,5.860355701793107,estimable,0.23118773785348817,0.9996275273146543,3.0321970058395875,0.18961478336716597,delta method on log10 LD50,1,1000,TRUE,TRUE,2.4904958967527357,1.0583947677176655,5.860355701793107
OM892290.1,95.62,Centrifuger,mhl100_ms100,2.4904958967527357,1.0583947677176655,5.860355701793107,estimable,0.23118773785348817,0.9996275273146543,3.0321970058395875,0.18961478336716597,delta method on log10 LD50,1,1000,TRUE,TRUE,2.4904958967527357,1.0583947677176655,5.860355701793107
OM892290.1,95.62,Centrifuger,mhl100_ms500,2.4904958967527357,1.0583947677176655,5.860355701793107,estimable,0.23118773785348817,0.9996275273146543,3.0321970058395875,0.18961478336716597,delta method on log10 LD50,1,1000,TRUE,TRUE,2.4904958967527357,1.0583947677176655,5.860355701793107
OM892290.1,95.62,Centrifuger,mhl50_ms0,0.005415502554885297,9.69878587148774e-9,3023.849408634322,left_censored,0.8882835087243927,0.9919803236681817,0.9148261947310887,2.9321566310649527,delta method on log10 LD50,1,1000,TRUE,TRUE,1,1,1000
OM892290.1,95.62,Centrifuger,mhl50_ms100,0.005415502554885297,9.69878587148774e-9,3023.849408634322,left_censored,0.8882835087243927,0.9919803236681817,0.9148261947310887,2.9321566310649527,delta method on log10 LD50,1,1000,TRUE,TRUE,1,1,1000
OM892290.1,95.62,Centrifuger,mhl50_ms500,0.005415502554885297,9.69878587148774e-9,3023.849408634322,left_censored,0.8882835087243927,0.9919803236681817,0.9148261947310887,2.9321566310649527,delta method on log10 LD50,1,1000,TRUE,TRUE,1,1,1000
OM892290.1,95.62,Centrifuger,mhlauto_ms0,NA,NA,NA,left_censored,0.9761904761912102,0.9761904761912102,-4.48373441926764e-16,NA,delta method on log10 LD50,1,1000,TRUE,TRUE,1,NA,NA
OM892290.1,95.62,Centrifuger,mhlauto_ms100,NA,NA,NA,left_censored,0.9761904761912102,0.9761904761912102,-4.48373441926764e-16,NA,delta method on log10 LD50,1,1000,TRUE,TRUE,1,NA,NA
OM892290.1,95.62,Centrifuger,mhlauto_ms500,NA,NA,NA,left_censored,0.9761904761912102,0.9761904761912102,-4.48373441926764e-16,NA,delta method on log10 LD50,1,1000,TRUE,TRUE,1,NA,NA
OM892290.1,95.62,Kraken2,conf0.2_mhg2,NA,NA,NA,left_censored,0.9761904761912102,0.9761904761912102,-4.48373441926764e-16,NA,delta method on log10 LD50,1,1000,TRUE,TRUE,1,NA,NA
OM892290.1,95.62,Kraken2,conf0.2_mhg3,NA,NA,NA,left_censored,0.9761904761912102,0.9761904761912102,-4.48373441926764e-16,NA,delta method on log10 LD50,1,1000,TRUE,TRUE,1,NA,NA
OM892290.1,95.62,Kraken2,conf0.2_mhg5,NA,NA,NA,left_censored,0.9761904761912102,0.9761904761912102,-4.48373441926764e-16,NA,delta method on log10 LD50,1,1000,TRUE,TRUE,1,NA,NA
OM892290.1,95.62,Kraken2,conf0.5_mhg2,1.2730730674958886,0.5619200873123986,2.8842447027211486,estimable,0.41490183780933243,0.999924482946505,3.2782714027078996,0.18121698967378075,delta method on log10 LD50,1,1000,TRUE,TRUE,1.2730730674958886,1,2.8842447027211486
OM892290.1,95.62,Kraken2,conf0.5_mhg3,1.2730730674958886,0.5619200873123986,2.8842447027211486,estimable,0.41490183780933243,0.999924482946505,3.2782714027078996,0.18121698967378075,delta method on log10 LD50,1,1000,TRUE,TRUE,1.2730730674958886,1,2.8842447027211486
OM892290.1,95.62,Kraken2,conf0.5_mhg5,1.2730730674958886,0.5619200873123986,2.8842447027211486,estimable,0.41490183780933243,0.999924482946505,3.2782714027078996,0.18121698967378075,delta method on log10 LD50,1,1000,TRUE,TRUE,1.2730730674958886,1,2.8842447027211486
OM892290.1,95.62,Kraken2,conf0_mhg2,NA,NA,NA,left_censored,0.9761904761912102,0.9761904761912102,-4.48373441926764e-16,NA,delta method on log10 LD50,1,1000,TRUE,TRUE,1,NA,NA
OM892290.1,95.62,Kraken2,conf0_mhg3,NA,NA,NA,left_censored,0.9761904761912102,0.9761904761912102,-4.48373441926764e-16,NA,delta method on log10 LD50,1,1000,TRUE,TRUE,1,NA,NA
OM892290.1,95.62,Kraken2,conf0_mhg5,NA,NA,NA,left_censored,0.9761904761912102,0.9761904761912102,-4.48373441926764e-16,NA,delta method on log10 LD50,1,1000,TRUE,TRUE,1,NA,NA
OM892290.1,95.62,Metabuli,prec0_ms0.15_ptax10239,NA,NA,NA,left_censored,0.9761904761912102,0.9761904761912102,-4.48373441926764e-16,NA,delta method on log10 LD50,1,1000,TRUE,TRUE,1,NA,NA
OM892290.1,95.62,Metabuli,prec0_ms0.15_ptaxnone,NA,NA,NA,left_censored,0.9761904761912102,0.9761904761912102,-4.48373441926764e-16,NA,delta method on log10 LD50,1,1000,TRUE,TRUE,1,NA,NA
OM892290.1,95.62,Metabuli,prec0_ms0_ptax10239,NA,NA,NA,left_censored,0.9761904761912102,0.9761904761912102,-4.48373441926764e-16,NA,delta method on log10 LD50,1,1000,TRUE,TRUE,1,NA,NA
OM892290.1,95.62,Metabuli,prec0_ms0_ptaxnone,NA,NA,NA,left_censored,0.9761904761912102,0.9761904761912102,-4.48373441926764e-16,NA,delta method on log10 LD50,1,1000,TRUE,TRUE,1,NA,NA
OM892290.1,95.62,Metabuli,prec1_ms0.15_ptax10239,NA,NA,NA,left_censored,0.9761904761912102,0.9761904761912102,-4.48373441926764e-16,NA,delta method on log10 LD50,1,1000,TRUE,TRUE,1,NA,NA
OM892290.1,95.62,Metabuli,prec1_ms0.15_ptaxnone,NA,NA,NA,left_censored,0.9761904761912102,0.9761904761912102,-4.48373441926764e-16,NA,delta method on log10 LD50,1,1000,TRUE,TRUE,1,NA,NA
OM892290.1,95.62,Metabuli,prec1_ms0_ptax10239,NA,NA,NA,left_censored,0.9761904761912102,0.9761904761912102,-4.48373441926764e-16,NA,delta method on log10 LD50,1,1000,TRUE,TRUE,1,NA,NA
OM892290.1,95.62,Metabuli,prec1_ms0_ptaxnone,NA,NA,NA,left_censored,0.9761904761912102,0.9761904761912102,-4.48373441926764e-16,NA,delta method on log10 LD50,1,1000,TRUE,TRUE,1,NA,NA
OM892290.1,95.62,Sylph,mnk10,8.035890384818336,3.87149971035765,16.679720807947643,estimable,0.03713225657126409,0.9994665679341606,3.597025093587452,0.16181663307523678,delta method on log10 LD50,1,1000,TRUE,TRUE,8.035890384818336,3.87149971035765,16.679720807947643
OM892290.1,95.62,Sylph,mnk20,NA,NA,NA,right_censored,0.02380952380878979,0.02380952380878976,-5.4855453464705395e-16,NA,delta method on log10 LD50,1,1000,TRUE,TRUE,1000,NA,NA
OM892290.1,95.62,Sylph,mnk50,NA,NA,NA,right_censored,0.02380952380878979,0.02380952380878976,-5.4855453464705395e-16,NA,delta method on log10 LD50,1,1000,TRUE,TRUE,1000,NA,NA
OM892302.1,76.39,EsViritu,sense,3.1635853915362664,1.430596455157987,6.995873989102269,estimable,0.13882509959330197,0.9998907194252482,3.6488551239324765,0.17585140317508013,delta method on log10 LD50,1,1000,TRUE,TRUE,3.1635853915362664,1.430596455157987,6.995873989102269
OM892302.1,76.39,EsViritu,sr,7.7162969904290115,2.7151960738842957,21.928891182921284,estimable,0.14442312963220677,0.9857297629918087,2.004744918423604,0.2314367719604628,delta method on log10 LD50,1,1000,TRUE,TRUE,7.7162969904290115,2.7151960738842957,21.928891182921284
OM892302.1,76.39,Centrifuger,mhl100_ms0,NA,NA,NA,right_censored,0.02380952380878979,0.02380952380878976,-5.4855453464705395e-16,NA,delta method on log10 LD50,1,1000,TRUE,TRUE,1000,NA,NA
OM892302.1,76.39,Centrifuger,mhl100_ms100,NA,NA,NA,right_censored,0.02380952380878979,0.02380952380878976,-5.4855453464705395e-16,NA,delta method on log10 LD50,1,1000,TRUE,TRUE,1000,NA,NA
OM892302.1,76.39,Centrifuger,mhl100_ms500,NA,NA,NA,right_censored,0.02380952380878979,0.02380952380878976,-5.4855453464705395e-16,NA,delta method on log10 LD50,1,1000,TRUE,TRUE,1000,NA,NA
OM892302.1,76.39,Centrifuger,mhl50_ms0,4.9927928904508825,2.071325717517621,12.034795221300007,estimable,0.12697832673939197,0.9982637184390468,2.760738553726347,0.19495008927339563,delta method on log10 LD50,1,1000,TRUE,TRUE,4.9927928904508825,2.071325717517621,12.034795221300007
OM892302.1,76.39,Centrifuger,mhl50_ms100,4.9927928904508825,2.071325717517621,12.034795221300007,estimable,0.12697832673939197,0.9982637184390468,2.760738553726347,0.19495008927339563,delta method on log10 LD50,1,1000,TRUE,TRUE,4.9927928904508825,2.071325717517621,12.034795221300007
OM892302.1,76.39,Centrifuger,mhl50_ms500,4.9927928904508825,2.071325717517621,12.034795221300007,estimable,0.12697832673939197,0.9982637184390468,2.760738553726347,0.19495008927339563,delta method on log10 LD50,1,1000,TRUE,TRUE,4.9927928904508825,2.071325717517621,12.034795221300007
OM892302.1,76.39,Centrifuger,mhlauto_ms0,0.005415502554885386,9.698785871488295e-9,3023.8494086342544,left_censored,0.8882835087243925,0.9919803236681817,0.9148261947310906,2.9321566310649443,delta method on log10 LD50,1,1000,TRUE,TRUE,1,1,1000
OM892302.1,76.39,Centrifuger,mhlauto_ms100,0.005415502554885386,9.698785871488295e-9,3023.8494086342544,left_censored,0.8882835087243925,0.9919803236681817,0.9148261947310906,2.9321566310649443,delta method on log10 LD50,1,1000,TRUE,TRUE,1,1,1000
OM892302.1,76.39,Centrifuger,mhlauto_ms500,1.5869395675023308,0.7527515104431592,3.3455624544969265,estimable,0.3220159996903841,0.9999693274013031,3.712210878654321,0.16526260460026382,delta method on log10 LD50,1,1000,TRUE,TRUE,1.5869395675023308,1,3.3455624544969265
OM892302.1,76.39,Kraken2,conf0.2_mhg2,9.981922806986708,4.0142616415185,24.82119797426816,estimable,0.07714592186918176,0.9931006163101,2.4837241021163243,0.20184479644806422,delta method on log10 LD50,1,1000,TRUE,TRUE,9.981922806986708,4.0142616415185,24.82119797426816
OM892302.1,76.39,Kraken2,conf0.2_mhg3,9.981922806986708,4.0142616415185,24.82119797426816,estimable,0.07714592186918176,0.9931006163101,2.4837241021163243,0.20184479644806422,delta method on log10 LD50,1,1000,TRUE,TRUE,9.981922806986708,4.0142616415185,24.82119797426816
OM892302.1,76.39,Kraken2,conf0.2_mhg5,9.981922806986708,4.0142616415185,24.82119797426816,estimable,0.07714592186918176,0.9931006163101,2.4837241021163243,0.20184479644806422,delta method on log10 LD50,1,1000,TRUE,TRUE,9.981922806986708,4.0142616415185,24.82119797426816
OM892302.1,76.39,Kraken2,conf0.5_mhg2,NA,NA,NA,right_censored,0.02380952380878979,0.02380952380878976,-5.4855453464705395e-16,NA,delta method on log10 LD50,1,1000,TRUE,TRUE,1000,NA,NA
OM892302.1,76.39,Kraken2,conf0.5_mhg3,NA,NA,NA,right_censored,0.02380952380878979,0.02380952380878976,-5.4855453464705395e-16,NA,delta method on log10 LD50,1,1000,TRUE,TRUE,1000,NA,NA
OM892302.1,76.39,Kraken2,conf0.5_mhg5,NA,NA,NA,right_censored,0.02380952380878979,0.02380952380878976,-5.4855453464705395e-16,NA,delta method on log10 LD50,1,1000,TRUE,TRUE,1000,NA,NA
OM892302.1,76.39,Kraken2,conf0_mhg2,0.12014614991771633,0.0013717200020095578,10.523355581972313,left_censored,0.7948035760103265,0.9968848804789344,1.4714134842059226,0.9910612655574969,delta method on log10 LD50,1,1000,TRUE,TRUE,1,1,10.523355581972313
OM892302.1,76.39,Kraken2,conf0_mhg3,0.12014614991771633,0.0013717200020095578,10.523355581972313,left_censored,0.7948035760103265,0.9968848804789344,1.4714134842059226,0.9910612655574969,delta method on log10 LD50,1,1000,TRUE,TRUE,1,1,10.523355581972313
OM892302.1,76.39,Kraken2,conf0_mhg5,0.3727619839302173,0.037785714129966695,3.6773553143830484,left_censored,0.6990160378928363,0.998819900256388,1.9661196047508918,0.50720522813855,delta method on log10 LD50,1,1000,TRUE,TRUE,1,1,3.6773553143830484
OM892302.1,76.39,Metabuli,prec0_ms0.15_ptax10239,0.12014614991771694,0.0013717200020095914,10.523355581972174,left_censored,0.7948035760103264,0.9968848804789344,1.4714134842059254,0.9910612655574929,delta method on log10 LD50,1,1000,TRUE,TRUE,1,1,10.523355581972174
OM892302.1,76.39,Metabuli,prec0_ms0.15_ptaxnone,0.12014614991771694,0.0013717200020095914,10.523355581972174,left_censored,0.7948035760103264,0.9968848804789344,1.4714134842059254,0.9910612655574929,delta method on log10 LD50,1,1000,TRUE,TRUE,1,1,10.523355581972174
OM892302.1,76.39,Metabuli,prec0_ms0_ptax10239,NA,NA,NA,left_censored,0.9761904761912102,0.9761904761912102,-4.48373441926764e-16,NA,delta method on log10 LD50,1,1000,TRUE,TRUE,1,NA,NA
OM892302.1,76.39,Metabuli,prec0_ms0_ptaxnone,NA,NA,NA,left_censored,0.9761904761912102,0.9761904761912102,-4.48373441926764e-16,NA,delta method on log10 LD50,1,1000,TRUE,TRUE,1,NA,NA
OM892302.1,76.39,Metabuli,prec1_ms0.15_ptax10239,0.12014614991771694,0.0013717200020095914,10.523355581972174,left_censored,0.7948035760103264,0.9968848804789344,1.4714134842059254,0.9910612655574929,delta method on log10 LD50,1,1000,TRUE,TRUE,1,1,10.523355581972174
OM892302.1,76.39,Metabuli,prec1_ms0.15_ptaxnone,0.12014614991771694,0.0013717200020095914,10.523355581972174,left_censored,0.7948035760103264,0.9968848804789344,1.4714134842059254,0.9910612655574929,delta method on log10 LD50,1,1000,TRUE,TRUE,1,1,10.523355581972174
OM892302.1,76.39,Metabuli,prec1_ms0_ptax10239,0.12014614991771694,0.0013717200020095914,10.523355581972174,left_censored,0.7948035760103264,0.9968848804789344,1.4714134842059254,0.9910612655574929,delta method on log10 LD50,1,1000,TRUE,TRUE,1,1,10.523355581972174
OM892302.1,76.39,Metabuli,prec1_ms0_ptaxnone,0.12014614991771694,0.0013717200020095914,10.523355581972174,left_censored,0.7948035760103264,0.9968848804789344,1.4714134842059254,0.9910612655574929,delta method on log10 LD50,1,1000,TRUE,TRUE,1,1,10.523355581972174
OM892302.1,76.39,Sylph,mnk10,NA,NA,NA,right_censored,0.02380952380878979,0.02380952380878976,-5.4855453464705395e-16,NA,delta method on log10 LD50,1,1000,TRUE,TRUE,1000,NA,NA
OM892302.1,76.39,Sylph,mnk20,NA,NA,NA,right_censored,0.02380952380878979,0.02380952380878976,-5.4855453464705395e-16,NA,delta method on log10 LD50,1,1000,TRUE,TRUE,1000,NA,NA
OM892302.1,76.39,Sylph,mnk50,NA,NA,NA,right_censored,0.02380952380878979,0.02380952380878976,-5.4855453464705395e-16,NA,delta method on log10 LD50,1,1000,TRUE,TRUE,1000,NA,NA
OR607356.1,91.55,EsViritu,sense,NA,NA,NA,left_censored,0.9761904761912102,0.9761904761912102,-4.48373441926764e-16,NA,delta method on log10 LD50,1,1000,TRUE,TRUE,1,NA,NA
OR607356.1,91.55,EsViritu,sr,NA,NA,NA,left_censored,0.9761904761912102,0.9761904761912102,-4.48373441926764e-16,NA,delta method on log10 LD50,1,1000,TRUE,TRUE,1,NA,NA
OR607356.1,91.55,Centrifuger,mhl100_ms0,19.951706622076255,8.470072088222269,46.997309230333826,estimable,0.0250763900168475,0.9917302663739976,2.8157604050269955,0.1898468270221306,delta method on log10 LD50,1,1000,TRUE,TRUE,19.951706622076255,8.470072088222269,46.997309230333826
OR607356.1,91.55,Centrifuger,mhl100_ms100,19.951706622076255,8.470072088222269,46.997309230333826,estimable,0.0250763900168475,0.9917302663739976,2.8157604050269955,0.1898468270221306,delta method on log10 LD50,1,1000,TRUE,TRUE,19.951706622076255,8.470072088222269,46.997309230333826
OR607356.1,91.55,Centrifuger,mhl100_ms500,19.951706622076255,8.470072088222269,46.997309230333826,estimable,0.0250763900168475,0.9917302663739976,2.8157604050269955,0.1898468270221306,delta method on log10 LD50,1,1000,TRUE,TRUE,19.951706622076255,8.470072088222269,46.997309230333826
OR607356.1,91.55,Centrifuger,mhl50_ms0,1.2730730674958886,0.5619200873123986,2.8842447027211486,estimable,0.41490183780933243,0.999924482946505,3.278271402707898,0.18121698967378067,delta method on log10 LD50,1,1000,TRUE,TRUE,1.2730730674958886,1,2.8842447027211486
OR607356.1,91.55,Centrifuger,mhl50_ms100,1.2730730674958886,0.5619200873123986,2.8842447027211486,estimable,0.41490183780933243,0.999924482946505,3.278271402707898,0.18121698967378067,delta method on log10 LD50,1,1000,TRUE,TRUE,1.2730730674958886,1,2.8842447027211486
OR607356.1,91.55,Centrifuger,mhl50_ms500,1.2730730674958886,0.5619200873123986,2.8842447027211486,estimable,0.41490183780933243,0.999924482946505,3.278271402707898,0.18121698967378067,delta method on log10 LD50,1,1000,TRUE,TRUE,1.2730730674958886,1,2.8842447027211486
OR607356.1,91.55,Centrifuger,mhlauto_ms0,NA,NA,NA,left_censored,0.9761904761912102,0.9761904761912102,-4.48373441926764e-16,NA,delta method on log10 LD50,1,1000,TRUE,TRUE,1,NA,NA
OR607356.1,91.55,Centrifuger,mhlauto_ms100,NA,NA,NA,left_censored,0.9761904761912102,0.9761904761912102,-4.48373441926764e-16,NA,delta method on log10 LD50,1,1000,TRUE,TRUE,1,NA,NA
OR607356.1,91.55,Centrifuger,mhlauto_ms500,0.12014614991771694,0.0013717200020095914,10.523355581972174,left_censored,0.7948035760103264,0.9968848804789344,1.4714134842059254,0.9910612655574929,delta method on log10 LD50,1,1000,TRUE,TRUE,1,1,10.523355581972174
OR607356.1,91.55,Kraken2,conf0.2_mhg2,1.2730730674958892,0.5619200873123975,2.8842447027211557,estimable,0.41490183780933243,0.999924482946505,3.2782714027078965,0.18121698967378116,delta method on log10 LD50,1,1000,TRUE,TRUE,1.2730730674958892,1,2.8842447027211557
OR607356.1,91.55,Kraken2,conf0.2_mhg3,1.2730730674958892,0.5619200873123975,2.8842447027211557,estimable,0.41490183780933243,0.999924482946505,3.2782714027078965,0.18121698967378116,delta method on log10 LD50,1,1000,TRUE,TRUE,1.2730730674958892,1,2.8842447027211557
OR607356.1,91.55,Kraken2,conf0.2_mhg5,1.2730730674958892,0.5619200873123975,2.8842447027211557,estimable,0.41490183780933243,0.999924482946505,3.2782714027078965,0.18121698967378116,delta method on log10 LD50,1,1000,TRUE,TRUE,1.2730730674958892,1,2.8842447027211557
OR607356.1,91.55,Kraken2,conf0.5_mhg2,10.037609320720989,4.829292486858631,20.863014851470155,estimable,0.028496962238576066,0.9991253937695639,3.5233029028502747,0.16211868251556558,delta method on log10 LD50,1,1000,TRUE,TRUE,10.037609320720989,4.829292486858631,20.863014851470155
OR607356.1,91.55,Kraken2,conf0.5_mhg3,10.037609320720989,4.829292486858631,20.863014851470155,estimable,0.028496962238576066,0.9991253937695639,3.5233029028502747,0.16211868251556558,delta method on log10 LD50,1,1000,TRUE,TRUE,10.037609320720989,4.829292486858631,20.863014851470155
OR607356.1,91.55,Kraken2,conf0.5_mhg5,10.037609320720989,4.829292486858631,20.863014851470155,estimable,0.028496962238576066,0.9991253937695639,3.5233029028502747,0.16211868251556558,delta method on log10 LD50,1,1000,TRUE,TRUE,10.037609320720989,4.829292486858631,20.863014851470155
OR607356.1,91.55,Kraken2,conf0_mhg2,NA,NA,NA,left_censored,0.9761904761912102,0.9761904761912102,-4.48373441926764e-16,NA,delta method on log10 LD50,1,1000,TRUE,TRUE,1,NA,NA
OR607356.1,91.55,Kraken2,conf0_mhg3,NA,NA,NA,left_censored,0.9761904761912102,0.9761904761912102,-4.48373441926764e-16,NA,delta method on log10 LD50,1,1000,TRUE,TRUE,1,NA,NA
OR607356.1,91.55,Kraken2,conf0_mhg5,NA,NA,NA,left_censored,0.9761904761912102,0.9761904761912102,-4.48373441926764e-16,NA,delta method on log10 LD50,1,1000,TRUE,TRUE,1,NA,NA
OR607356.1,91.55,Metabuli,prec0_ms0.15_ptax10239,NA,NA,NA,left_censored,0.9761904761912102,0.9761904761912102,-4.48373441926764e-16,NA,delta method on log10 LD50,1,1000,TRUE,TRUE,1,NA,NA
OR607356.1,91.55,Metabuli,prec0_ms0.15_ptaxnone,NA,NA,NA,left_censored,0.9761904761912102,0.9761904761912102,-4.48373441926764e-16,NA,delta method on log10 LD50,1,1000,TRUE,TRUE,1,NA,NA
OR607356.1,91.55,Metabuli,prec0_ms0_ptax10239,NA,NA,NA,left_censored,0.9761904761912102,0.9761904761912102,-4.48373441926764e-16,NA,delta method on log10 LD50,1,1000,TRUE,TRUE,1,NA,NA
OR607356.1,91.55,Metabuli,prec0_ms0_ptaxnone,NA,NA,NA,left_censored,0.9761904761912102,0.9761904761912102,-4.48373441926764e-16,NA,delta method on log10 LD50,1,1000,TRUE,TRUE,1,NA,NA
OR607356.1,91.55,Metabuli,prec1_ms0.15_ptax10239,NA,NA,NA,left_censored,0.9761904761912102,0.9761904761912102,-4.48373441926764e-16,NA,delta method on log10 LD50,1,1000,TRUE,TRUE,1,NA,NA
OR607356.1,91.55,Metabuli,prec1_ms0.15_ptaxnone,NA,NA,NA,left_censored,0.9761904761912102,0.9761904761912102,-4.48373441926764e-16,NA,delta method on log10 LD50,1,1000,TRUE,TRUE,1,NA,NA
OR607356.1,91.55,Metabuli,prec1_ms0_ptax10239,NA,NA,NA,left_censored,0.9761904761912102,0.9761904761912102,-4.48373441926764e-16,NA,delta method on log10 LD50,1,1000,TRUE,TRUE,1,NA,NA
OR607356.1,91.55,Metabuli,prec1_ms0_ptaxnone,NA,NA,NA,left_censored,0.9761904761912102,0.9761904761912102,-4.48373441926764e-16,NA,delta method on log10 LD50,1,1000,TRUE,TRUE,1,NA,NA
OR607356.1,91.55,Sylph,mnk10,NA,NA,NA,right_censored,0.02380952380878979,0.02380952380878976,-5.4855453464705395e-16,NA,delta method on log10 LD50,1,1000,TRUE,TRUE,1000,NA,NA
OR607356.1,91.55,Sylph,mnk20,NA,NA,NA,right_censored,0.02380952380878979,0.02380952380878976,-5.4855453464705395e-16,NA,delta method on log10 LD50,1,1000,TRUE,TRUE,1000,NA,NA
OR607356.1,91.55,Sylph,mnk50,NA,NA,NA,right_censored,0.02380952380878979,0.02380952380878976,-5.4855453464705395e-16,NA,delta method on log10 LD50,1,1000,TRUE,TRUE,1000,NA,NA
PP228892.1,75.91,EsViritu,sense,25.037032833997564,8.91894687030058,70.28329939020544,estimable,0.059009616992886274,0.9597224521192981,1.9800274767307395,0.22871302000926932,delta method on log10 LD50,1,1000,TRUE,TRUE,25.037032833997564,8.91894687030058,70.28329939020544
PP228892.1,75.91,EsViritu,sr,39.94083510734981,14.228131130385664,112.12086074084874,estimable,0.04027754788070193,0.9409903830071137,1.980027476730739,0.2287130200092696,delta method on log10 LD50,1,1000,TRUE,TRUE,39.94083510734981,14.228131130385664,112.12086074084874
PP228892.1,75.91,Centrifuger,mhl100_ms0,NA,NA,NA,right_censored,0.02380952380878979,0.02380952380878976,-5.4855453464705395e-16,NA,delta method on log10 LD50,1,1000,TRUE,TRUE,1000,NA,NA
PP228892.1,75.91,Centrifuger,mhl100_ms100,NA,NA,NA,right_censored,0.02380952380878979,0.02380952380878976,-5.4855453464705395e-16,NA,delta method on log10 LD50,1,1000,TRUE,TRUE,1000,NA,NA
PP228892.1,75.91,Centrifuger,mhl100_ms500,NA,NA,NA,right_censored,0.02380952380878979,0.02380952380878976,-5.4855453464705395e-16,NA,delta method on log10 LD50,1,1000,TRUE,TRUE,1000,NA,NA
PP228892.1,75.91,Centrifuger,mhl50_ms0,NA,NA,NA,right_censored,0.02380952380878979,0.02380952380878976,-5.4855453464705395e-16,NA,delta method on log10 LD50,1,1000,TRUE,TRUE,1000,NA,NA
PP228892.1,75.91,Centrifuger,mhl50_ms100,NA,NA,NA,right_censored,0.02380952380878979,0.02380952380878976,-5.4855453464705395e-16,NA,delta method on log10 LD50,1,1000,TRUE,TRUE,1000,NA,NA
PP228892.1,75.91,Centrifuger,mhl50_ms500,NA,NA,NA,right_censored,0.02380952380878979,0.02380952380878976,-5.4855453464705395e-16,NA,delta method on log10 LD50,1,1000,TRUE,TRUE,1000,NA,NA
PP228892.1,75.91,Centrifuger,mhlauto_ms0,12.592699389958959,5.1172853189946155,30.988320572484284,estimable,0.058466981546320525,0.9918321955082572,2.526133677058899,0.19953387258666408,delta method on log10 LD50,1,1000,TRUE,TRUE,12.592699389958959,5.1172853189946155,30.988320572484284
PP228892.1,75.91,Centrifuger,mhlauto_ms100,15.866585802028247,6.5666517219083005,38.33742913046788,estimable,0.040758591360559523,0.9912899890178677,2.631003395591389,0.1954829295741005,delta method on log10 LD50,1,1000,TRUE,TRUE,15.866585802028247,6.5666517219083005,38.33742913046788
PP228892.1,75.91,Centrifuger,mhlauto_ms500,785.5008683570553,346.7112201182335,1779.6124797440289,estimable,7.551705349496036e-5,0.5850981621906676,3.278271402707901,0.1812169896737805,delta method on log10 LD50,1,1000,TRUE,TRUE,785.5008683570553,346.7112201182335,1000
PP228892.1,75.91,Kraken2,conf0.2_mhg2,NA,NA,NA,right_censored,0.02380952380878979,0.02380952380878976,-5.4855453464705395e-16,NA,delta method on log10 LD50,1,1000,TRUE,TRUE,1000,NA,NA
PP228892.1,75.91,Kraken2,conf0.2_mhg3,NA,NA,NA,right_censored,0.02380952380878979,0.02380952380878976,-5.4855453464705395e-16,NA,delta method on log10 LD50,1,1000,TRUE,TRUE,1000,NA,NA
PP228892.1,75.91,Kraken2,conf0.2_mhg5,NA,NA,NA,right_censored,0.02380952380878979,0.02380952380878976,-5.4855453464705395e-16,NA,delta method on log10 LD50,1,1000,TRUE,TRUE,1000,NA,NA
PP228892.1,75.91,Kraken2,conf0.5_mhg2,NA,NA,NA,right_censored,0.02380952380878979,0.02380952380878976,-5.4855453464705395e-16,NA,delta method on log10 LD50,1,1000,TRUE,TRUE,1000,NA,NA
PP228892.1,75.91,Kraken2,conf0.5_mhg3,NA,NA,NA,right_censored,0.02380952380878979,0.02380952380878976,-5.4855453464705395e-16,NA,delta method on log10 LD50,1,1000,TRUE,TRUE,1000,NA,NA
PP228892.1,75.91,Kraken2,conf0.5_mhg5,NA,NA,NA,right_censored,0.02380952380878979,0.02380952380878976,-5.4855453464705395e-16,NA,delta method on log10 LD50,1,1000,TRUE,TRUE,1000,NA,NA
PP228892.1,75.91,Kraken2,conf0_mhg2,15.866585802028247,6.5666517219083005,38.33742913046788,estimable,0.040758591360559523,0.9912899890178677,2.631003395591389,0.1954829295741005,delta method on log10 LD50,1,1000,TRUE,TRUE,15.866585802028247,6.5666517219083005,38.33742913046788
PP228892.1,75.91,Kraken2,conf0_mhg3,15.866585802028247,6.5666517219083005,38.33742913046788,estimable,0.040758591360559523,0.9912899890178677,2.631003395591389,0.1954829295741005,delta method on log10 LD50,1,1000,TRUE,TRUE,15.866585802028247,6.5666517219083005,38.33742913046788
PP228892.1,75.91,Kraken2,conf0_mhg5,50.65223431365377,17.371228169580935,147.69530489836288,estimable,0.04003487753202702,0.9179230658738167,1.8638674976506724,0.23713093002833105,delta method on log10 LD50,1,1000,TRUE,TRUE,50.65223431365377,17.371228169580935,147.69530489836288
PP228892.1,75.91,Metabuli,prec0_ms0.15_ptax10239,0.12014614991771706,0.0013717200020096137,10.523355581972012,left_censored,0.7948035760103264,0.9968848804789344,1.4714134842059257,0.9910612655574892,delta method on log10 LD50,1,1000,TRUE,TRUE,1,1,10.523355581972012
PP228892.1,75.91,Metabuli,prec0_ms0.15_ptaxnone,0.12014614991771706,0.0013717200020096137,10.523355581972012,left_censored,0.7948035760103264,0.9968848804789344,1.4714134842059257,0.9910612655574892,delta method on log10 LD50,1,1000,TRUE,TRUE,1,1,10.523355581972012
PP228892.1,75.91,Metabuli,prec0_ms0_ptax10239,0.005415502554885286,9.698785871487621e-9,3023.849408634353,left_censored,0.8882835087243927,0.9919803236681817,0.9148261947310884,2.9321566310649554,delta method on log10 LD50,1,1000,TRUE,TRUE,1,1,1000
PP228892.1,75.91,Metabuli,prec0_ms0_ptaxnone,0.005415502554885286,9.698785871487621e-9,3023.849408634353,left_censored,0.8882835087243927,0.9919803236681817,0.9148261947310884,2.9321566310649554,delta method on log10 LD50,1,1000,TRUE,TRUE,1,1,1000
PP228892.1,75.91,Metabuli,prec1_ms0.15_ptax10239,0.12014614991771706,0.0013717200020096137,10.523355581972012,left_censored,0.7948035760103264,0.9968848804789344,1.4714134842059257,0.9910612655574892,delta method on log10 LD50,1,1000,TRUE,TRUE,1,1,10.523355581972012
PP228892.1,75.91,Metabuli,prec1_ms0.15_ptaxnone,0.12014614991771706,0.0013717200020096137,10.523355581972012,left_censored,0.7948035760103264,0.9968848804789344,1.4714134842059257,0.9910612655574892,delta method on log10 LD50,1,1000,TRUE,TRUE,1,1,10.523355581972012
PP228892.1,75.91,Metabuli,prec1_ms0_ptax10239,0.12014614991771706,0.0013717200020096137,10.523355581972012,left_censored,0.7948035760103264,0.9968848804789344,1.4714134842059257,0.9910612655574892,delta method on log10 LD50,1,1000,TRUE,TRUE,1,1,10.523355581972012
PP228892.1,75.91,Metabuli,prec1_ms0_ptaxnone,0.12014614991771706,0.0013717200020096137,10.523355581972012,left_censored,0.7948035760103264,0.9968848804789344,1.4714134842059257,0.9910612655574892,delta method on log10 LD50,1,1000,TRUE,TRUE,1,1,10.523355581972012
PP228892.1,75.91,Sylph,mnk10,NA,NA,NA,right_censored,0.02380952380878979,0.02380952380878976,-5.4855453464705395e-16,NA,delta method on log10 LD50,1,1000,TRUE,TRUE,1000,NA,NA
PP228892.1,75.91,Sylph,mnk20,NA,NA,NA,right_censored,0.02380952380878979,0.02380952380878976,-5.4855453464705395e-16,NA,delta method on log10 LD50,1,1000,TRUE,TRUE,1000,NA,NA
PP228892.1,75.91,Sylph,mnk50,NA,NA,NA,right_censored,0.02380952380878979,0.02380952380878976,-5.4855453464705395e-16,NA,delta method on log10 LD50,1,1000,TRUE,TRUE,1000,NA,NA
PP410071.1,87.88,EsViritu,sense,0.00541550255488543,9.698785871488572e-9,3023.849408634217,left_censored,0.8882835087243925,0.9919803236681817,0.9148261947310921,2.9321566310649394,delta method on log10 LD50,1,1000,TRUE,TRUE,1,1,1000
PP410071.1,87.88,EsViritu,sr,0.6720159380604623,0.1641161994074406,2.751741891646612,left_censored,0.603243965053647,0.9995477735812095,2.4272917060560952,0.312367026653909,delta method on log10 LD50,1,1000,TRUE,TRUE,1,1,2.751741891646612
PP410071.1,87.88,Centrifuger,mhl100_ms0,517.9306249657451,199.02176479607124,1347.8532488759374,estimable,8.907761992588154e-4,0.676832632153432,2.5872599449697633,0.2119278832140655,delta method on log10 LD50,1,1000,TRUE,TRUE,517.9306249657451,199.02176479607124,1000
PP410071.1,87.88,Centrifuger,mhl100_ms100,517.9306249657451,199.02176479607124,1347.8532488759374,estimable,8.907761992588154e-4,0.676832632153432,2.5872599449697633,0.2119278832140655,delta method on log10 LD50,1,1000,TRUE,TRUE,517.9306249657451,199.02176479607124,1000
PP410071.1,87.88,Centrifuger,mhl100_ms500,517.9306249657451,199.02176479607124,1347.8532488759374,estimable,8.907761992588154e-4,0.676832632153432,2.5872599449697633,0.2119278832140655,delta method on log10 LD50,1,1000,TRUE,TRUE,517.9306249657451,199.02176479607124,1000
PP410071.1,87.88,Centrifuger,mhl50_ms0,3.090372272801546,1.2013427766859346,7.949771680358088,estimable,0.2245524467269276,0.9982532374468328,2.5291913130692567,0.20936295789294335,delta method on log10 LD50,1,1000,TRUE,TRUE,3.090372272801546,1.2013427766859346,7.949771680358088
PP410071.1,87.88,Centrifuger,mhl50_ms100,3.090372272801546,1.2013427766859346,7.949771680358088,estimable,0.2245524467269276,0.9982532374468328,2.5291913130692567,0.20936295789294335,delta method on log10 LD50,1,1000,TRUE,TRUE,3.090372272801546,1.2013427766859346,7.949771680358088
PP410071.1,87.88,Centrifuger,mhl50_ms500,3.090372272801546,1.2013427766859346,7.949771680358088,estimable,0.2245524467269276,0.9982532374468328,2.5291913130692567,0.20936295789294335,delta method on log10 LD50,1,1000,TRUE,TRUE,3.090372272801546,1.2013427766859346,7.949771680358088
PP410071.1,87.88,Centrifuger,mhlauto_ms0,0.12014614991771694,0.0013717200020095914,10.523355581972174,left_censored,0.7948035760103264,0.9968848804789344,1.4714134842059254,0.9910612655574929,delta method on log10 LD50,1,1000,TRUE,TRUE,1,1,10.523355581972174
PP410071.1,87.88,Centrifuger,mhlauto_ms100,0.12014614991771694,0.0013717200020095914,10.523355581972174,left_censored,0.7948035760103264,0.9968848804789344,1.4714134842059254,0.9910612655574929,delta method on log10 LD50,1,1000,TRUE,TRUE,1,1,10.523355581972174
PP410071.1,87.88,Centrifuger,mhlauto_ms500,0.972844090578476,0.3567410149444949,2.652976767251491,left_censored,0.5085457328631333,0.9998180619930634,2.859158778352762,0.22229500390906998,delta method on log10 LD50,1,1000,TRUE,TRUE,1,1,2.652976767251491
PP410071.1,87.88,Kraken2,conf0.2_mhg2,3.090372272801546,1.2013427766859346,7.949771680358088,estimable,0.2245524467269276,0.9982532374468328,2.5291913130692563,0.20936295789294335,delta method on log10 LD50,1,1000,TRUE,TRUE,3.090372272801546,1.2013427766859346,7.949771680358088
PP410071.1,87.88,Kraken2,conf0.2_mhg3,3.090372272801546,1.2013427766859346,7.949771680358088,estimable,0.2245524467269276,0.9982532374468328,2.5291913130692563,0.20936295789294335,delta method on log10 LD50,1,1000,TRUE,TRUE,3.090372272801546,1.2013427766859346,7.949771680358088
PP410071.1,87.88,Kraken2,conf0.2_mhg5,3.090372272801546,1.2013427766859346,7.949771680358088,estimable,0.2245524467269276,0.9982532374468328,2.5291913130692563,0.20936295789294335,delta method on log10 LD50,1,1000,TRUE,TRUE,3.090372272801546,1.2013427766859346,7.949771680358088
PP410071.1,87.88,Kraken2,conf0.5_mhg2,64.30340367093038,31.122329492222875,132.86048284720772,estimable,0.0010158954373348614,0.9894568644811642,3.8108832079128407,0.16079982467352144,delta method on log10 LD50,1,1000,TRUE,TRUE,64.30340367093038,31.122329492222875,132.86048284720772
PP410071.1,87.88,Kraken2,conf0.5_mhg3,64.30340367093038,31.122329492222875,132.86048284720772,estimable,0.0010158954373348614,0.9894568644811642,3.8108832079128407,0.16079982467352144,delta method on log10 LD50,1,1000,TRUE,TRUE,64.30340367093038,31.122329492222875,132.86048284720772
PP410071.1,87.88,Kraken2,conf0.5_mhg5,64.30340367093038,31.122329492222875,132.86048284720772,estimable,0.0010158954373348614,0.9894568644811642,3.8108832079128407,0.16079982467352144,delta method on log10 LD50,1,1000,TRUE,TRUE,64.30340367093038,31.122329492222875,132.86048284720772
PP410071.1,87.88,Kraken2,conf0_mhg2,0.00541550255488543,9.698785871488572e-9,3023.849408634217,left_censored,0.8882835087243925,0.9919803236681817,0.9148261947310921,2.9321566310649394,delta method on log10 LD50,1,1000,TRUE,TRUE,1,1,1000
PP410071.1,87.88,Kraken2,conf0_mhg3,0.3727619839302185,0.03778571412996685,3.677355314383054,left_censored,0.6990160378928363,0.9988199002563882,1.9661196047508964,0.5072052281385496,delta method on log10 LD50,1,1000,TRUE,TRUE,1,1,3.677355314383054
PP410071.1,87.88,Kraken2,conf0_mhg5,0.6720159380604623,0.16411619940744177,2.7517418916465926,left_censored,0.6032439650536472,0.9995477735812095,2.427291706056096,0.3123670266539074,delta method on log10 LD50,1,1000,TRUE,TRUE,1,1,2.7517418916465926
PP410071.1,87.88,Metabuli,prec0_ms0.15_ptax10239,0.12014614991771694,0.0013717200020095914,10.523355581972174,left_censored,0.7948035760103264,0.9968848804789344,1.4714134842059254,0.9910612655574929,delta method on log10 LD50,1,1000,TRUE,TRUE,1,1,10.523355581972174
PP410071.1,87.88,Metabuli,prec0_ms0.15_ptaxnone,0.12014614991771694,0.0013717200020095914,10.523355581972174,left_censored,0.7948035760103264,0.9968848804789344,1.4714134842059254,0.9910612655574929,delta method on log10 LD50,1,1000,TRUE,TRUE,1,1,10.523355581972174
PP410071.1,87.88,Metabuli,prec0_ms0_ptax10239,NA,NA,NA,left_censored,0.9761904761912102,0.9761904761912102,-4.48373441926764e-16,NA,delta method on log10 LD50,1,1000,TRUE,TRUE,1,NA,NA
PP410071.1,87.88,Metabuli,prec0_ms0_ptaxnone,NA,NA,NA,left_censored,0.9761904761912102,0.9761904761912102,-4.48373441926764e-16,NA,delta method on log10 LD50,1,1000,TRUE,TRUE,1,NA,NA
PP410071.1,87.88,Metabuli,prec1_ms0.15_ptax10239,0.12014614991771694,0.0013717200020095914,10.523355581972174,left_censored,0.7948035760103264,0.9968848804789344,1.4714134842059254,0.9910612655574929,delta method on log10 LD50,1,1000,TRUE,TRUE,1,1,10.523355581972174
PP410071.1,87.88,Metabuli,prec1_ms0.15_ptaxnone,0.12014614991771694,0.0013717200020095914,10.523355581972174,left_censored,0.7948035760103264,0.9968848804789344,1.4714134842059254,0.9910612655574929,delta method on log10 LD50,1,1000,TRUE,TRUE,1,1,10.523355581972174
PP410071.1,87.88,Metabuli,prec1_ms0_ptax10239,0.12014614991771694,0.0013717200020095914,10.523355581972174,left_censored,0.7948035760103264,0.9968848804789344,1.4714134842059254,0.9910612655574929,delta method on log10 LD50,1,1000,TRUE,TRUE,1,1,10.523355581972174
PP410071.1,87.88,Metabuli,prec1_ms0_ptaxnone,0.12014614991771694,0.0013717200020095914,10.523355581972174,left_censored,0.7948035760103264,0.9968848804789344,1.4714134842059254,0.9910612655574929,delta method on log10 LD50,1,1000,TRUE,TRUE,1,1,10.523355581972174
PP410071.1,87.88,Sylph,mnk10,NA,NA,NA,right_censored,0.02380952380878979,0.02380952380878976,-5.4855453464705395e-16,NA,delta method on log10 LD50,1,1000,TRUE,TRUE,1000,NA,NA
PP410071.1,87.88,Sylph,mnk20,NA,NA,NA,right_censored,0.02380952380878979,0.02380952380878976,-5.4855453464705395e-16,NA,delta method on log10 LD50,1,1000,TRUE,TRUE,1000,NA,NA
PP410071.1,87.88,Sylph,mnk50,NA,NA,NA,right_censored,0.02380952380878979,0.02380952380878976,-5.4855453464705395e-16,NA,delta method on log10 LD50,1,1000,TRUE,TRUE,1000,NA,NA
PP410088.1,86.76,EsViritu,sense,0.12014614991771694,0.0013717200020095914,10.523355581972174,left_censored,0.7948035760103264,0.9968848804789344,1.4714134842059254,0.9910612655574929,delta method on log10 LD50,1,1000,TRUE,TRUE,1,1,10.523355581972174
PP410088.1,86.76,EsViritu,sr,0.6720159380604631,0.16411619940744263,2.751741891646584,left_censored,0.603243965053647,0.9995477735812095,2.427291706056098,0.31236702665390664,delta method on log10 LD50,1,1000,TRUE,TRUE,1,1,2.751741891646584
PP410088.1,86.76,Centrifuger,mhl100_ms0,323.5856109637757,125.78977613542678,832.4018917886491,estimable,0.0017467625531673537,0.7754475532730722,2.529191313069255,0.2093629578929434,delta method on log10 LD50,1,1000,TRUE,TRUE,323.5856109637757,125.78977613542678,832.4018917886491
PP410088.1,86.76,Centrifuger,mhl100_ms100,323.5856109637757,125.78977613542678,832.4018917886491,estimable,0.0017467625531673537,0.7754475532730722,2.529191313069255,0.2093629578929434,delta method on log10 LD50,1,1000,TRUE,TRUE,323.5856109637757,125.78977613542678,832.4018917886491
PP410088.1,86.76,Centrifuger,mhl100_ms500,323.5856109637757,125.78977613542678,832.4018917886491,estimable,0.0017467625531673537,0.7754475532730722,2.529191313069255,0.2093629578929434,delta method on log10 LD50,1,1000,TRUE,TRUE,323.5856109637757,125.78977613542678,832.4018917886491
PP410088.1,86.76,Centrifuger,mhl50_ms0,1.4294658917150689,0.45911150225928765,4.4507112662639035,estimable,0.41454175101141005,0.9982193514665301,2.224738859034257,0.2516656569485094,delta method on log10 LD50,1,1000,TRUE,TRUE,1.4294658917150689,1,4.4507112662639035
PP410088.1,86.76,Centrifuger,mhl50_ms100,1.4294658917150689,0.45911150225928765,4.4507112662639035,estimable,0.41454175101141005,0.9982193514665301,2.224738859034257,0.2516656569485094,delta method on log10 LD50,1,1000,TRUE,TRUE,1.4294658917150689,1,4.4507112662639035
PP410088.1,86.76,Centrifuger,mhl50_ms500,1.4294658917150689,0.45911150225928765,4.4507112662639035,estimable,0.41454175101141005,0.9982193514665301,2.224738859034257,0.2516656569485094,delta method on log10 LD50,1,1000,TRUE,TRUE,1.4294658917150689,1,4.4507112662639035
PP410088.1,86.76,Centrifuger,mhlauto_ms0,0.12014614991771559,0.0013717200020095352,10.523355581972368,left_censored,0.7948035760103268,0.9968848804789344,1.4714134842059197,0.9910612655574994,delta method on log10 LD50,1,1000,TRUE,TRUE,1,1,10.523355581972368
PP410088.1,86.76,Centrifuger,mhlauto_ms100,0.3727619839302173,0.037785714129966695,3.6773553143830484,left_censored,0.6990160378928363,0.998819900256388,1.9661196047508926,0.50720522813855,delta method on log10 LD50,1,1000,TRUE,TRUE,1,1,3.6773553143830484
PP410088.1,86.76,Centrifuger,mhlauto_ms500,1.2730730674958886,0.5619200873123986,2.8842447027211486,estimable,0.41490183780933243,0.999924482946505,3.2782714027079005,0.18121698967378072,delta method on log10 LD50,1,1000,TRUE,TRUE,1.2730730674958886,1,2.8842447027211486
PP410088.1,86.76,Kraken2,conf0.2_mhg2,1.2730730674958886,0.5619200873123986,2.8842447027211486,estimable,0.41490183780933243,0.999924482946505,3.2782714027079005,0.18121698967378072,delta method on log10 LD50,1,1000,TRUE,TRUE,1.2730730674958886,1,2.8842447027211486
PP410088.1,86.76,Kraken2,conf0.2_mhg3,1.2730730674958886,0.5619200873123986,2.8842447027211486,estimable,0.41490183780933243,0.999924482946505,3.2782714027079005,0.18121698967378072,delta method on log10 LD50,1,1000,TRUE,TRUE,1.2730730674958886,1,2.8842447027211486
PP410088.1,86.76,Kraken2,conf0.2_mhg5,1.2730730674958886,0.5619200873123986,2.8842447027211486,estimable,0.41490183780933243,0.999924482946505,3.2782714027079005,0.18121698967378072,delta method on log10 LD50,1,1000,TRUE,TRUE,1.2730730674958886,1,2.8842447027211486
PP410088.1,86.76,Kraken2,conf0.5_mhg2,64.30340367093038,31.122329492222875,132.86048284720772,estimable,0.0010158954373348605,0.9894568644811642,3.8108832079128407,0.16079982467352144,delta method on log10 LD50,1,1000,TRUE,TRUE,64.30340367093038,31.122329492222875,132.86048284720772
PP410088.1,86.76,Kraken2,conf0.5_mhg3,64.30340367093038,31.122329492222875,132.86048284720772,estimable,0.0010158954373348605,0.9894568644811642,3.8108832079128407,0.16079982467352144,delta method on log10 LD50,1,1000,TRUE,TRUE,64.30340367093038,31.122329492222875,132.86048284720772
PP410088.1,86.76,Kraken2,conf0.5_mhg5,64.30340367093038,31.122329492222875,132.86048284720772,estimable,0.0010158954373348605,0.9894568644811642,3.8108832079128407,0.16079982467352144,delta method on log10 LD50,1,1000,TRUE,TRUE,64.30340367093038,31.122329492222875,132.86048284720772
PP410088.1,86.76,Kraken2,conf0_mhg2,0.005415502554885297,9.69878587148774e-9,3023.849408634322,left_censored,0.8882835087243927,0.9919803236681817,0.9148261947310887,2.9321566310649527,delta method on log10 LD50,1,1000,TRUE,TRUE,1,1,1000
PP410088.1,86.76,Kraken2,conf0_mhg3,0.6720159380604623,0.1641161994074406,2.751741891646612,left_censored,0.603243965053647,0.9995477735812095,2.4272917060560952,0.312367026653909,delta method on log10 LD50,1,1000,TRUE,TRUE,1,1,2.751741891646612
PP410088.1,86.76,Kraken2,conf0_mhg5,0.972844090578476,0.3567410149444949,2.652976767251491,left_censored,0.5085457328631333,0.9998180619930634,2.859158778352762,0.22229500390906998,delta method on log10 LD50,1,1000,TRUE,TRUE,1,1,2.652976767251491
PP410088.1,86.76,Metabuli,prec0_ms0.15_ptax10239,0.005415502554885264,9.698785871487423e-9,3023.8494086343962,left_censored,0.8882835087243927,0.9919803236681817,0.9148261947310878,2.9321566310649594,delta method on log10 LD50,1,1000,TRUE,TRUE,1,1,1000
PP410088.1,86.76,Metabuli,prec0_ms0.15_ptaxnone,0.005415502554885264,9.698785871487423e-9,3023.8494086343962,left_censored,0.8882835087243927,0.9919803236681817,0.9148261947310878,2.9321566310649594,delta method on log10 LD50,1,1000,TRUE,TRUE,1,1,1000
PP410088.1,86.76,Metabuli,prec0_ms0_ptax10239,NA,NA,NA,left_censored,0.9761904761912102,0.9761904761912102,-4.48373441926764e-16,NA,delta method on log10 LD50,1,1000,TRUE,TRUE,1,NA,NA
PP410088.1,86.76,Metabuli,prec0_ms0_ptaxnone,NA,NA,NA,left_censored,0.9761904761912102,0.9761904761912102,-4.48373441926764e-16,NA,delta method on log10 LD50,1,1000,TRUE,TRUE,1,NA,NA
PP410088.1,86.76,Metabuli,prec1_ms0.15_ptax10239,0.005415502554885264,9.698785871487423e-9,3023.8494086343962,left_censored,0.8882835087243927,0.9919803236681817,0.9148261947310878,2.9321566310649594,delta method on log10 LD50,1,1000,TRUE,TRUE,1,1,1000
PP410088.1,86.76,Metabuli,prec1_ms0.15_ptaxnone,0.005415502554885264,9.698785871487423e-9,3023.8494086343962,left_censored,0.8882835087243927,0.9919803236681817,0.9148261947310878,2.9321566310649594,delta method on log10 LD50,1,1000,TRUE,TRUE,1,1,1000
PP410088.1,86.76,Metabuli,prec1_ms0_ptax10239,0.005415502554885264,9.698785871487423e-9,3023.8494086343962,left_censored,0.8882835087243927,0.9919803236681817,0.9148261947310878,2.9321566310649594,delta method on log10 LD50,1,1000,TRUE,TRUE,1,1,1000
PP410088.1,86.76,Metabuli,prec1_ms0_ptaxnone,0.005415502554885264,9.698785871487423e-9,3023.8494086343962,left_censored,0.8882835087243927,0.9919803236681817,0.9148261947310878,2.9321566310649594,delta method on log10 LD50,1,1000,TRUE,TRUE,1,1,1000
PP410088.1,86.76,Sylph,mnk10,NA,NA,NA,right_censored,0.02380952380878979,0.02380952380878976,-5.4855453464705395e-16,NA,delta method on log10 LD50,1,1000,TRUE,TRUE,1000,NA,NA
PP410088.1,86.76,Sylph,mnk20,NA,NA,NA,right_censored,0.02380952380878979,0.02380952380878976,-5.4855453464705395e-16,NA,delta method on log10 LD50,1,1000,TRUE,TRUE,1000,NA,NA
PP410088.1,86.76,Sylph,mnk50,NA,NA,NA,right_censored,0.02380952380878979,0.02380952380878976,-5.4855453464705395e-16,NA,delta method on log10 LD50,1,1000,TRUE,TRUE,1000,NA,NA
PZ364880.1,85.05,EsViritu,sense,1.2730730674958892,0.5619200873123975,2.8842447027211557,estimable,0.41490183780933243,0.999924482946505,3.2782714027078965,0.18121698967378116,delta method on log10 LD50,1,1000,TRUE,TRUE,1.2730730674958892,1,2.8842447027211557
PZ364880.1,85.05,EsViritu,sr,1.940331864523811,0.9341277486353985,4.030377804306003,estimable,0.22964102731198552,0.9999888358470651,4.204376881621371,0.16197733486549973,delta method on log10 LD50,1,1000,TRUE,TRUE,1.940331864523811,1,4.030377804306003
PZ364880.1,85.05,Centrifuger,mhl100_ms0,126.39922306352155,50.762229521872776,314.7372316296252,estimable,0.005195965901935758,0.904284879074761,2.5001437945931713,0.20214846760929414,delta method on log10 LD50,1,1000,TRUE,TRUE,126.39922306352155,50.762229521872776,314.7372316296252
PZ364880.1,85.05,Centrifuger,mhl100_ms100,126.39922306352155,50.762229521872776,314.7372316296252,estimable,0.005195965901935758,0.904284879074761,2.5001437945931713,0.20214846760929414,delta method on log10 LD50,1,1000,TRUE,TRUE,126.39922306352155,50.762229521872776,314.7372316296252
PZ364880.1,85.05,Centrifuger,mhl100_ms500,126.39922306352155,50.762229521872776,314.7372316296252,estimable,0.005195965901935758,0.904284879074761,2.5001437945931713,0.20214846760929414,delta method on log10 LD50,1,1000,TRUE,TRUE,126.39922306352155,50.762229521872776,314.7372316296252
PZ364880.1,85.05,Centrifuger,mhl50_ms0,6.458948034712724,3.120176884302679,13.370398942764687,estimable,0.04309704938717449,0.9997706099789628,3.8267016264581915,0.16121856211113553,delta method on log10 LD50,1,1000,TRUE,TRUE,6.458948034712724,3.120176884302679,13.370398942764687
PZ364880.1,85.05,Centrifuger,mhl50_ms100,6.458948034712724,3.120176884302679,13.370398942764687,estimable,0.04309704938717449,0.9997706099789628,3.8267016264581915,0.16121856211113553,delta method on log10 LD50,1,1000,TRUE,TRUE,6.458948034712724,3.120176884302679,13.370398942764687
PZ364880.1,85.05,Centrifuger,mhl50_ms500,6.458948034712724,3.120176884302679,13.370398942764687,estimable,0.04309704938717449,0.9997706099789628,3.8267016264581915,0.16121856211113553,delta method on log10 LD50,1,1000,TRUE,TRUE,6.458948034712724,3.120176884302679,13.370398942764687
PZ364880.1,85.05,Centrifuger,mhlauto_ms0,1.2730730674958886,0.5619200873123986,2.8842447027211486,estimable,0.41490183780933243,0.999924482946505,3.2782714027078996,0.18121698967378075,delta method on log10 LD50,1,1000,TRUE,TRUE,1.2730730674958886,1,2.8842447027211486
PZ364880.1,85.05,Centrifuger,mhlauto_ms100,1.5869395675023308,0.7527515104431592,3.3455624544969265,estimable,0.3220159996903841,0.9999693274013031,3.712210878654321,0.16526260460026382,delta method on log10 LD50,1,1000,TRUE,TRUE,1.5869395675023308,1,3.3455624544969265
PZ364880.1,85.05,Centrifuger,mhlauto_ms500,3.9813446448369003,1.7148205309248008,9.243594239230958,estimable,0.13593586643630337,0.9993875289993092,3.0822866981199706,0.1866417455881306,delta method on log10 LD50,1,1000,TRUE,TRUE,3.9813446448369003,1.7148205309248008,9.243594239230958
PZ364880.1,85.05,Kraken2,conf0.2_mhg2,6.458948034712731,3.1201768843026825,13.370398942764702,estimable,0.043097049387174416,0.9997706099789628,3.8267016264581923,0.16121856211113547,delta method on log10 LD50,1,1000,TRUE,TRUE,6.458948034712731,3.1201768843026825,13.370398942764702
PZ364880.1,85.05,Kraken2,conf0.2_mhg3,6.458948034712731,3.1201768843026825,13.370398942764702,estimable,0.043097049387174416,0.9997706099789628,3.8267016264581923,0.16121856211113547,delta method on log10 LD50,1,1000,TRUE,TRUE,6.458948034712731,3.1201768843026825,13.370398942764702
PZ364880.1,85.05,Kraken2,conf0.2_mhg5,6.458948034712731,3.1201768843026825,13.370398942764702,estimable,0.043097049387174416,0.9997706099789628,3.8267016264581923,0.16121856211113547,delta method on log10 LD50,1,1000,TRUE,TRUE,6.458948034712731,3.1201768843026825,13.370398942764702
PZ364880.1,85.05,Kraken2,conf0.5_mhg2,23.825985833449845,11.31533879710591,50.168855843799044,estimable,0.0013116481999308459,0.9995985355837136,4.818382788654232,0.1649945202579406,delta method on log10 LD50,1,1000,TRUE,TRUE,23.825985833449845,11.31533879710591,50.168855843799044
PZ364880.1,85.05,Kraken2,conf0.5_mhg3,23.825985833449845,11.31533879710591,50.168855843799044,estimable,0.0013116481999308459,0.9995985355837136,4.818382788654232,0.1649945202579406,delta method on log10 LD50,1,1000,TRUE,TRUE,23.825985833449845,11.31533879710591,50.168855843799044
PZ364880.1,85.05,Kraken2,conf0.5_mhg5,23.825985833449845,11.31533879710591,50.168855843799044,estimable,0.0013116481999308459,0.9995985355837136,4.818382788654232,0.1649945202579406,delta method on log10 LD50,1,1000,TRUE,TRUE,23.825985833449845,11.31533879710591,50.168855843799044
PZ364880.1,85.05,Kraken2,conf0_mhg2,0.972844090578477,0.3567410149444949,2.6529767672514954,left_censored,0.5085457328631331,0.9998180619930634,2.8591587783527674,0.22229500390907006,delta method on log10 LD50,1,1000,TRUE,TRUE,1,1,2.6529767672514954
PZ364880.1,85.05,Kraken2,conf0_mhg3,1.2730730674958886,0.5619200873123986,2.8842447027211486,estimable,0.41490183780933243,0.999924482946505,3.2782714027078983,0.18121698967378067,delta method on log10 LD50,1,1000,TRUE,TRUE,1.2730730674958886,1,2.8842447027211486
PZ364880.1,85.05,Kraken2,conf0_mhg5,2.4904958967527357,1.0583947677176655,5.860355701793107,estimable,0.23118773785348817,0.9996275273146543,3.0321970058395875,0.18961478336716597,delta method on log10 LD50,1,1000,TRUE,TRUE,2.4904958967527357,1.0583947677176655,5.860355701793107
PZ364880.1,85.05,Metabuli,prec0_ms0.15_ptax10239,NA,NA,NA,left_censored,0.9761904761912102,0.9761904761912102,-4.48373441926764e-16,NA,delta method on log10 LD50,1,1000,TRUE,TRUE,1,NA,NA
PZ364880.1,85.05,Metabuli,prec0_ms0.15_ptaxnone,NA,NA,NA,left_censored,0.9761904761912102,0.9761904761912102,-4.48373441926764e-16,NA,delta method on log10 LD50,1,1000,TRUE,TRUE,1,NA,NA
PZ364880.1,85.05,Metabuli,prec0_ms0_ptax10239,NA,NA,NA,left_censored,0.9761904761912102,0.9761904761912102,-4.48373441926764e-16,NA,delta method on log10 LD50,1,1000,TRUE,TRUE,1,NA,NA
PZ364880.1,85.05,Metabuli,prec0_ms0_ptaxnone,NA,NA,NA,left_censored,0.9761904761912102,0.9761904761912102,-4.48373441926764e-16,NA,delta method on log10 LD50,1,1000,TRUE,TRUE,1,NA,NA
PZ364880.1,85.05,Metabuli,prec1_ms0.15_ptax10239,NA,NA,NA,left_censored,0.9761904761912102,0.9761904761912102,-4.48373441926764e-16,NA,delta method on log10 LD50,1,1000,TRUE,TRUE,1,NA,NA
PZ364880.1,85.05,Metabuli,prec1_ms0.15_ptaxnone,NA,NA,NA,left_censored,0.9761904761912102,0.9761904761912102,-4.48373441926764e-16,NA,delta method on log10 LD50,1,1000,TRUE,TRUE,1,NA,NA
PZ364880.1,85.05,Metabuli,prec1_ms0_ptax10239,NA,NA,NA,left_censored,0.9761904761912102,0.9761904761912102,-4.48373441926764e-16,NA,delta method on log10 LD50,1,1000,TRUE,TRUE,1,NA,NA
PZ364880.1,85.05,Metabuli,prec1_ms0_ptaxnone,NA,NA,NA,left_censored,0.9761904761912102,0.9761904761912102,-4.48373441926764e-16,NA,delta method on log10 LD50,1,1000,TRUE,TRUE,1,NA,NA
PZ364880.1,85.05,Sylph,mnk10,NA,NA,NA,right_censored,0.02380952380878979,0.02380952380878976,-5.4855453464705395e-16,NA,delta method on log10 LD50,1,1000,TRUE,TRUE,1000,NA,NA
PZ364880.1,85.05,Sylph,mnk20,NA,NA,NA,right_censored,0.02380952380878979,0.02380952380878976,-5.4855453464705395e-16,NA,delta method on log10 LD50,1,1000,TRUE,TRUE,1000,NA,NA
PZ364880.1,85.05,Sylph,mnk50,NA,NA,NA,right_censored,0.02380952380878979,0.02380952380878976,-5.4855453464705395e-16,NA,delta method on log10 LD50,1,1000,TRUE,TRUE,1000,NA,NA
