base_tool,rank,truth_mode,F1,bray_curtis,pearson
EsViritu,family,capped,0.948,0.262,0.831
Centrifuger,family,capped,0.868,0.616,0.411
Kraken2,family,capped,0.943,0.492,0.72
Metabuli,family,capped,0.919,0.522,0.698
Sylph,family,capped,0.601,0.531,0.539
EsViritu,family,strict,0.948,0.262,0.831
Centrifuger,family,strict,0.868,0.616,0.411
Kraken2,family,strict,0.943,0.492,0.72
Metabuli,family,strict,0.919,0.522,0.698
Sylph,family,strict,0.601,0.531,0.539
EsViritu,genus,capped,0.929,0.297,0.817
Centrifuger,genus,capped,0.766,0.725,0.251
Kraken2,genus,capped,0.859,0.55,0.623
Metabuli,genus,capped,0.785,0.603,0.545
Sylph,genus,capped,0.569,0.559,0.538
EsViritu,genus,strict,0.929,0.297,0.817
Centrifuger,genus,strict,0.766,0.725,0.251
Kraken2,genus,strict,0.859,0.55,0.623
Metabuli,genus,strict,0.785,0.603,0.545
Sylph,genus,strict,0.569,0.559,0.538
EsViritu,species,capped,0.879,0.227,0.941
Centrifuger,species,capped,0.762,0.817,-0.025
Kraken2,species,capped,0.718,0.65,0.023
Metabuli,species,capped,0.797,0.77,-0.051
Sylph,species,capped,0.642,0.559,0.589
EsViritu,species,strict,0.773,0.325,0.785
Centrifuger,species,strict,0.676,0.859,-0.042
Kraken2,species,strict,0.814,0.692,-0.001
Metabuli,species,strict,0.692,0.807,-0.053
Sylph,species,strict,0.499,0.616,0.501
EsViritu,subspecies,capped,0.562,0.527,0.688
Centrifuger,subspecies,capped,0.55,0.86,-0.005
Kraken2,subspecies,capped,0.413,0.573,0.595
Metabuli,subspecies,capped,0.5,0.824,-0.033
Sylph,subspecies,capped,0.849,0.547,0.782
EsViritu,subspecies,strict,0.529,0.569,0.354
Centrifuger,subspecies,strict,0.703,0.916,-0.063
Kraken2,subspecies,strict,0.668,0.656,0.578
Metabuli,subspecies,strict,0.667,0.829,-0.057
Sylph,subspecies,strict,0.508,0.609,0.517
