base_tool,param_set,truth_mode,rank,mean_F1,mean_bray_curtis_rpm,mean_precision,mean_recall
EsViritu,sense,capped,ani_capped,0.9695133149678603,0.20449480455833546,0.9668488160291439,0.9722222222222221
EsViritu,sense,strict,family,0.9937017231134878,0.15914240957437387,0.9876373626373627,1
EsViritu,sense,strict,genus,0.9939269272210794,0.16571563231796899,0.9880952380952381,1
EsViritu,sense,strict,species,0.8101800143725609,0.24199418125568647,1,0.6825024563701867
EsViritu,sense,strict,subspecies,0.6465384477883641,0.39692050210344026,1,0.47962868916892587
EsViritu,sr,capped,ani_capped,0.9220209751183203,0.24079251990243178,1,0.8555555555555555
EsViritu,sr,strict,family,0.9479335644822371,0.26668842269502163,1,0.9026115859449193
EsViritu,sr,strict,genus,0.9285701171590253,0.27015775689050414,1,0.8674189969921677
EsViritu,sr,strict,species,0.8450524911372024,0.2748430476547638,1,0.7332050562235842
EsViritu,sr,strict,subspecies,0.6708960162310244,0.3820077836591487,1,0.507183501506347
Centrifuger,mhl100_ms0,capped,ani_capped,0.24714239716654596,0.8464589227474463,0.17471526893576433,0.4222222222222222
Centrifuger,mhl100_ms0,strict,family,0.726670485442226,0.6145428749722037,0.9916666666666667,0.5932241215574549
Centrifuger,mhl100_ms0,strict,genus,0.6482565886641691,0.6257029055314137,0.9239041297699468,0.5053532134832948
Centrifuger,mhl100_ms0,strict,species,0.5789658208136469,0.6389293255259808,0.7819195140922276,0.4628162739073702
Centrifuger,mhl100_ms0,strict,subspecies,0.6134335866167628,0.5842211098331717,0.8856687007373506,0.47051188005211675
Centrifuger,mhl100_ms100,capped,ani_capped,0.24714239716654596,0.8464589227474463,0.17471526893576433,0.4222222222222222
Centrifuger,mhl100_ms100,strict,family,0.726670485442226,0.6145428749722037,0.9916666666666667,0.5932241215574549
Centrifuger,mhl100_ms100,strict,genus,0.6482565886641691,0.6257029055314137,0.9239041297699468,0.5053532134832948
Centrifuger,mhl100_ms100,strict,species,0.5789658208136469,0.6389293255259808,0.7819195140922276,0.4628162739073702
Centrifuger,mhl100_ms100,strict,subspecies,0.6134335866167628,0.5842211098331717,0.8856687007373506,0.47051188005211675
Centrifuger,mhl100_ms500,capped,ani_capped,0.24714239716654596,0.8464589227474463,0.17471526893576433,0.4222222222222222
Centrifuger,mhl100_ms500,strict,family,0.726670485442226,0.6145428749722037,0.9916666666666667,0.5932241215574549
Centrifuger,mhl100_ms500,strict,genus,0.6482565886641691,0.6257029055314137,0.9239041297699468,0.5053532134832948
Centrifuger,mhl100_ms500,strict,species,0.5789658208136469,0.6389293255259808,0.7819195140922276,0.4628162739073702
Centrifuger,mhl100_ms500,strict,subspecies,0.6134335866167628,0.5842211098331717,0.8856687007373506,0.47051188005211675
Centrifuger,mhl50_ms0,capped,ani_capped,0.2865946701365658,0.9070086466639996,0.18342352092352093,0.6555555555555556
Centrifuger,mhl50_ms0,strict,family,0.8678573282799439,0.6172135556590876,0.9735683760683761,0.7947103513770181
Centrifuger,mhl50_ms0,strict,genus,0.7657814080936668,0.6357722794493974,0.8136829424285871,0.7256519038023104
Centrifuger,mhl50_ms0,strict,species,0.6761307923096921,0.757558689320685,0.6570022590926545,0.6993751202191758
Centrifuger,mhl50_ms0,strict,subspecies,0.7050771880555246,0.4402340135154899,0.7429334024808992,0.6727420936485351
Centrifuger,mhl50_ms100,capped,ani_capped,0.2865946701365658,0.9070086466639996,0.18342352092352093,0.6555555555555556
Centrifuger,mhl50_ms100,strict,family,0.8678573282799439,0.6172135556590876,0.9735683760683761,0.7947103513770181
Centrifuger,mhl50_ms100,strict,genus,0.7657814080936668,0.6357722794493974,0.8136829424285871,0.7256519038023104
Centrifuger,mhl50_ms100,strict,species,0.6761307923096921,0.757558689320685,0.6570022590926545,0.6993751202191758
Centrifuger,mhl50_ms100,strict,subspecies,0.7050771880555246,0.4402340135154899,0.7429334024808992,0.6727420936485351
Centrifuger,mhl50_ms500,capped,ani_capped,0.2865946701365658,0.9070086466639996,0.18342352092352093,0.6555555555555556
Centrifuger,mhl50_ms500,strict,family,0.8678573282799439,0.6172135556590876,0.9735683760683761,0.7947103513770181
Centrifuger,mhl50_ms500,strict,genus,0.7657814080936668,0.6357722794493974,0.8136829424285871,0.7256519038023104
Centrifuger,mhl50_ms500,strict,species,0.6761307923096921,0.757558689320685,0.6570022590926545,0.6993751202191758
Centrifuger,mhl50_ms500,strict,subspecies,0.7050771880555246,0.4402340135154899,0.7429334024808992,0.6727420936485351
Centrifuger,mhlauto_ms0,capped,ani_capped,0.0878255022721388,0.9738430519433389,0.045947630805884314,0.9944444444444444
Centrifuger,mhlauto_ms0,strict,family,0.856313414603526,0.9352340165061034,0.778522972556275,0.9972222222222222
Centrifuger,mhlauto_ms0,strict,genus,0.30359155431763957,0.9148378316329969,0.17989463802459127,0.9886904761904762
Centrifuger,mhlauto_ms0,strict,species,0.11616307158535091,0.9120404819877213,0.0617428455065965,0.9812173458725183
Centrifuger,mhlauto_ms0,strict,subspecies,0.11531910816280705,0.7931767790514306,0.06130291965191937,0.9745790845267441
Centrifuger,mhlauto_ms100,capped,ani_capped,0.18074171369797912,0.9547240937483862,0.09954786906467407,0.9833333333333333
Centrifuger,mhlauto_ms100,strict,family,0.8781116170662328,0.863078746234708,0.8097331388596278,0.9916666666666667
Centrifuger,mhlauto_ms100,strict,genus,0.5071874150735173,0.8378115400122329,0.3431743339572096,0.9822802197802198
Centrifuger,mhlauto_ms100,strict,species,0.293957441459466,0.8673661622181731,0.17318673549571328,0.972884012539185
Centrifuger,mhlauto_ms100,strict,subspecies,0.30141637184966774,0.6032369002899018,0.1787942770902874,0.9623283722760319
Centrifuger,mhlauto_ms500,capped,ani_capped,0.28001473323042597,0.92176404232535325,0.16899097304584776,0.8166666666666667
Centrifuger,mhlauto_ms500,strict,family,0.8952494577738559,0.7092637162231806,0.9057239057239057,0.9004510921177588
Centrifuger,mhlauto_ms500,strict,genus,0.7390113657905365,0.6939091884530875,0.645952842840004,0.8672257958843325
Centrifuger,mhlauto_ms500,strict,species,0.6075670486053204,0.7899223272412101,0.4771825825988286,0.8370047619790286
Centrifuger,mhlauto_ms500,strict,subspecies,0.6541213204387455,0.4153795804076547,0.5436339668734035,0.8216954032483682
Kraken2,conf0.2_mhg2,capped,ani_capped,0.6724471097784441,0.4435777479923272,0.7030743947410614,0.6444444444444445
Kraken2,conf0.2_mhg2,strict,family,0.855711629986528,0.3803255837721656,0.9787301587301587,0.770636277302944
Kraken2,conf0.2_mhg2,strict,genus,0.7956365538734396,0.38419736965115847,0.9368552763289606,0.6941443643679416
Kraken2,conf0.2_mhg2,strict,species,0.7676557110854267,0.4354972577563172,0.9002603855042879,0.6703548610136361
Kraken2,conf0.2_mhg2,strict,subspecies,0.6966604499452042,0.42855383639245426,0.8165764991404592,0.6093503229677618
Kraken2,conf0.2_mhg3,capped,ani_capped,0.6724471097784441,0.4435777479923272,0.7030743947410614,0.6444444444444445
Kraken2,conf0.2_mhg3,strict,family,0.855711629986528,0.3803255837721656,0.9787301587301587,0.770636277302944
Kraken2,conf0.2_mhg3,strict,genus,0.7956365538734396,0.38419736965115847,0.9368552763289606,0.6941443643679416
Kraken2,conf0.2_mhg3,strict,species,0.7676557110854267,0.4354972577563172,0.9002603855042879,0.6703548610136361
Kraken2,conf0.2_mhg3,strict,subspecies,0.6966604499452042,0.42855383639245426,0.8165764991404592,0.6093503229677618
Kraken2,conf0.2_mhg5,capped,ani_capped,0.6724471097784441,0.4435777479923272,0.7030743947410614,0.6444444444444445
Kraken2,conf0.2_mhg5,strict,family,0.855711629986528,0.3803255837721656,0.9787301587301587,0.770636277302944
Kraken2,conf0.2_mhg5,strict,genus,0.7956365538734396,0.38419736965115847,0.9368552763289606,0.6941443643679416
Kraken2,conf0.2_mhg5,strict,species,0.7676557110854267,0.4354972577563172,0.9002603855042879,0.6703548610136361
Kraken2,conf0.2_mhg5,strict,subspecies,0.6966604499452042,0.42855383639245426,0.8165764991404592,0.6093503229677618
Kraken2,conf0.5_mhg2,capped,ani_capped,0.5399199494417527,0.5903026839273092,0.7195121951219512,0.43333333333333335
Kraken2,conf0.5_mhg2,strict,family,0.7536549063171285,0.5717783617565266,1,0.6229677113010447
Kraken2,conf0.5_mhg2,strict,genus,0.6824445869221989,0.5567058858905439,0.9938271604938271,0.5236768350589489
Kraken2,conf0.5_mhg2,strict,species,0.6321987426939645,0.5984512983252841,0.9732914462081128,0.47014236549748645
Kraken2,conf0.5_mhg2,strict,subspecies,0.6117685386477097,0.5935837876614056,0.8925275557140546,0.4672551408886388
Kraken2,conf0.5_mhg3,capped,ani_capped,0.5399199494417527,0.5903026839273092,0.7195121951219512,0.43333333333333335
Kraken2,conf0.5_mhg3,strict,family,0.7536549063171285,0.5717783617565266,1,0.6229677113010447
Kraken2,conf0.5_mhg3,strict,genus,0.6824445869221989,0.5567058858905439,0.9938271604938271,0.5236768350589489
Kraken2,conf0.5_mhg3,strict,species,0.6321987426939645,0.5984512983252841,0.9732914462081128,0.47014236549748645
Kraken2,conf0.5_mhg3,strict,subspecies,0.6117685386477097,0.5935837876614056,0.8925275557140546,0.4672551408886388
Kraken2,conf0.5_mhg5,capped,ani_capped,0.5399199494417527,0.5903026839273092,0.7195121951219512,0.43333333333333335
Kraken2,conf0.5_mhg5,strict,family,0.7536549063171285,0.5717783617565266,1,0.6229677113010447
Kraken2,conf0.5_mhg5,strict,genus,0.6824445869221989,0.5567058858905439,0.9938271604938271,0.5236768350589489
Kraken2,conf0.5_mhg5,strict,species,0.6321987426939645,0.5984512983252841,0.9732914462081128,0.47014236549748645
Kraken2,conf0.5_mhg5,strict,subspecies,0.6117685386477097,0.5935837876614056,0.8925275557140546,0.4672551408886388
Kraken2,conf0_mhg2,capped,ani_capped,0.7280660377358491,0.6487389442566375,0.583939393939394,0.9666666666666667
Kraken2,conf0_mhg2,strict,family,0.9268331084120558,0.2631991391738613,0.8901456965973095,0.9771604938271604
Kraken2,conf0_mhg2,strict,genus,0.784308144653899,0.32886571095198436,0.666089143374152,0.9567609220048244
Kraken2,conf0_mhg2,strict,species,0.7401526212874928,0.645092553835474,0.6044766012838542,0.9548152653659601
Kraken2,conf0_mhg2,strict,subspecies,0.674492632349342,0.2679226934831118,0.5281049005350507,0.9364782847623507
Kraken2,conf0_mhg3,capped,ani_capped,0.7893991929490636,0.5978214031889649,0.6932353212240695,0.9166666666666666
Kraken2,conf0_mhg3,strict,family,0.9425575740609013,0.21865499852837988,0.9336149513568869,0.957716049382716
Kraken2,conf0_mhg3,strict,genus,0.858529861089665,0.2854213979704312,0.8066347863354747,0.9201121071039771
Kraken2,conf0_mhg3,strict,species,0.8135350686876383,0.5821620421891067,0.7322926093514329,0.9161817609964805
Kraken2,conf0_mhg3,strict,subspecies,0.7591492056532061,0.2578820707640983,0.6605131989389618,0.8983010958654807
Kraken2,conf0_mhg5,capped,ani_capped,0.7990803475147003,0.5878207140336861,0.7539837046650804,0.85
Kraken2,conf0_mhg5,strict,family,0.9257173327691499,0.24845432965370925,0.9475308641975309,0.9117996201329535
Kraken2,conf0_mhg5,strict,genus,0.8635183410362468,0.2675653560973088,0.8578378565878566,0.8728777658655708
Kraken2,conf0_mhg5,strict,species,0.8189639438838142,0.5749519643445252,0.783500271605023,0.8592269842012508
Kraken2,conf0_mhg5,strict,subspecies,0.7695295156012166,0.28980062341654667,0.704815094659445,0.8532709392728426
Metabuli,prec0_ms0.15_ptax10239,capped,ani_capped,0.6801379083258278,0.6389342080879935,0.5599084920445188,0.8666666666666667
Metabuli,prec0_ms0.15_ptax10239,strict,family,0.9189387927301575,0.27666906602427244,0.9186347926267281,0.9290835707502374
Metabuli,prec0_ms0.15_ptax10239,strict,genus,0.778524414935267,0.33722498974260784,0.696401370860817,0.8898177101429134
Metabuli,prec0_ms0.15_ptax10239,strict,species,0.7040248445419224,0.6340550872204488,0.5897103973089722,0.8750606944379461
Metabuli,prec0_ms0.15_ptax10239,strict,subspecies,0.6141398634494324,0.33450674785687473,0.47387726426488497,0.8803370170586016
Metabuli,prec0_ms0_ptax10239,capped,ani_capped,0.1752676354642071,0.8707248880376306,0.09612749224623657,0.9944444444444444
Metabuli,prec0_ms0_ptax10239,strict,family,0.8600601580053635,0.8035964851815854,0.782185639933096,0.9972222222222222
Metabuli,prec0_ms0_ptax10239,strict,genus,0.35539869637111143,0.809033412733688,0.21692933006299467,0.9927469135802469
Metabuli,prec0_ms0_ptax10239,strict,species,0.15826585601006474,0.85494702166185,0.08613316037648361,0.9787297836834635
Metabuli,prec0_ms0_ptax10239,strict,subspecies,0.15245727226032704,0.8403246189715924,0.08286194439019244,0.9590603984198227
Metabuli,prec1_ms0.15_ptax10239,capped,ani_capped,0.5933747412008281,0.7333323154833635,0.4735313531353135,0.7944444444444445
Metabuli,prec1_ms0.15_ptax10239,strict,family,0.9189387927301575,0.2787084805509427,0.9186347926267281,0.9290835707502374
Metabuli,prec1_ms0.15_ptax10239,strict,genus,0.7846612676594202,0.340518050204547,0.7066003334572158,0.8898177101429134
Metabuli,prec1_ms0.15_ptax10239,strict,species,0.6916925525704152,0.7265003196960568,0.732129859387924,0.656407877020332
Metabuli,prec1_ms0.15_ptax10239,strict,subspecies,0.7019714861226345,0.4219743960780338,0.7982303732303733,0.6302872743127308
Metabuli,prec1_ms0_ptax10239,capped,ani_capped,0.5933747412008281,0.7333323154833635,0.4735313531353135,0.7944444444444445
Metabuli,prec1_ms0_ptax10239,strict,family,0.9189387927301575,0.2787084805509427,0.9186347926267281,0.9290835707502374
Metabuli,prec1_ms0_ptax10239,strict,genus,0.7846612676594202,0.340518050204547,0.7066003334572158,0.8898177101429134
Metabuli,prec1_ms0_ptax10239,strict,species,0.6916925525704152,0.7265003196960568,0.732129859387924,0.656407877020332
Metabuli,prec1_ms0_ptax10239,strict,subspecies,0.7019714861226345,0.4219743960780338,0.7982303732303733,0.6302872743127308
Sylph,mnk10,capped,ani_capped,0.47678854067742954,NA,0.9674603174603175,0.31666666666666665
Sylph,mnk10,strict,family,0.6009942923187752,NA,1,0.44116334283000946
Sylph,mnk10,strict,genus,0.5690424537369373,NA,1,0.401070609607195
Sylph,mnk10,strict,species,0.4987498560417868,NA,0.9924242424242424,0.33369996932786433
Sylph,mnk10,strict,subspecies,0.5365825773296062,NA,0.9715521442495126,0.3728499755056586
Sylph,mnk20,capped,ani_capped,0.4050051418472471,NA,0.9803921568627451,0.25555555555555554
Sylph,mnk20,strict,family,0.5399509590780451,NA,1,0.38056505223171894
Sylph,mnk20,strict,genus,0.48660831105145014,NA,1,0.3235893547885418
Sylph,mnk20,strict,species,0.42263146472502844,NA,0.9916666666666667,0.2689024834032554
Sylph,mnk20,strict,subspecies,0.4429194394031055,NA,0.9621794871794872,0.2888093648873997
Sylph,mnk50,capped,ani_capped,0.2598946480091886,NA,1,0.15
Sylph,mnk50,strict,family,0.32191160971888,NA,1,0.19787749287749287
Sylph,mnk50,strict,genus,0.28430141287284144,NA,1,0.16751847219326893
Sylph,mnk50,strict,species,0.24536532218978385,NA,1,0.14146365871790473
Sylph,mnk50,strict,subspecies,0.2666134471346589,NA,1,0.1563895578021552
