benchmark,tool,sample,param_combo,total_sec,peak_mem_kb,read_total,base_tool,total_min,peak_mem_gb,tool_disp
Mock community,esviritu,mock_comb1,sense,433,1979360,50010002,EsViritu,7.216666666666667,1.97936,EsViritu (sense)
Mock community,esviritu,mock_comb1,sr,102.91,1657516,50010002,EsViritu,1.7151666666666665,1.657516,EsViritu (sr)
Mock community,esviritu,mock_comb2,sense,462.34,1795792,50010008,EsViritu,7.705666666666667,1.795792,EsViritu (sense)
Mock community,esviritu,mock_comb2,sr,101.43,1651988,50010008,EsViritu,1.6905000000000001,1.651988,EsViritu (sr)
Mock community,esviritu,mock_comb3,sense,448.42,1993084,50010010,EsViritu,7.473666666666667,1.993084,EsViritu (sense)
Mock community,esviritu,mock_comb3,sr,98.52,1605504,50010010,EsViritu,1.642,1.605504,EsViritu (sr)
Mock community,esviritu,mock_comb_fam1,sense,418.06,1966972,50010000,EsViritu,6.967666666666667,1.966972,EsViritu (sense)
Mock community,esviritu,mock_comb_fam1,sr,99.6,1662808,50010000,EsViritu,1.66,1.662808,EsViritu (sr)
Mock community,esviritu,mock_comb_fam2,sense,436.91,1943776,50010000,EsViritu,7.281833333333334,1.943776,EsViritu (sense)
Mock community,esviritu,mock_comb_fam2,sr,100.04,1681732,50010000,EsViritu,1.6673333333333333,1.681732,EsViritu (sr)
Mock community,esviritu,mock_comb_fam3,sense,432.62,1949208,50010000,EsViritu,7.210333333333334,1.949208,EsViritu (sense)
Mock community,esviritu,mock_comb_fam3,sr,97.01,1662916,50010000,EsViritu,1.6168333333333333,1.662916,EsViritu (sr)
Mock community,kraken2,mock_comb1,conf0.2_mhg2,27.75,1120044,50010002,Kraken2,0.4625,1.120044,Kraken2
Mock community,kraken2,mock_comb1,conf0.2_mhg3,27.64,1159780,50010002,Kraken2,0.46066666666666667,1.15978,Kraken2
Mock community,kraken2,mock_comb1,conf0.2_mhg5,27.59,1099688,50010002,Kraken2,0.4598333333333333,1.099688,Kraken2
Mock community,kraken2,mock_comb1,conf0.5_mhg2,28.98,1122580,50010002,Kraken2,0.483,1.12258,Kraken2
Mock community,kraken2,mock_comb1,conf0.5_mhg3,28.83,1122988,50010002,Kraken2,0.4805,1.122988,Kraken2
Mock community,kraken2,mock_comb1,conf0.5_mhg5,27.73,1141636,50010002,Kraken2,0.46216666666666667,1.141636,Kraken2
Mock community,kraken2,mock_comb1,conf0_mhg2,28.72,1238180,50010002,Kraken2,0.47866666666666663,1.23818,Kraken2
Mock community,kraken2,mock_comb1,conf0_mhg3,28.43,1198420,50010002,Kraken2,0.47383333333333333,1.19842,Kraken2
Mock community,kraken2,mock_comb1,conf0_mhg5,28.9,1165036,50010002,Kraken2,0.48166666666666663,1.165036,Kraken2
Mock community,kraken2,mock_comb2,conf0.2_mhg2,28.33,1153048,50010008,Kraken2,0.4721666666666666,1.153048,Kraken2
Mock community,kraken2,mock_comb2,conf0.2_mhg3,27.73,1119464,50010008,Kraken2,0.46216666666666667,1.119464,Kraken2
Mock community,kraken2,mock_comb2,conf0.2_mhg5,26.91,1112948,50010008,Kraken2,0.4485,1.112948,Kraken2
Mock community,kraken2,mock_comb2,conf0.5_mhg2,27.45,1128892,50010008,Kraken2,0.45749999999999996,1.128892,Kraken2
Mock community,kraken2,mock_comb2,conf0.5_mhg3,28.58,1137692,50010008,Kraken2,0.47633333333333333,1.137692,Kraken2
Mock community,kraken2,mock_comb2,conf0.5_mhg5,28.55,1132112,50010008,Kraken2,0.47583333333333333,1.132112,Kraken2
Mock community,kraken2,mock_comb2,conf0_mhg2,27.6,1289552,50010008,Kraken2,0.46,1.289552,Kraken2
Mock community,kraken2,mock_comb2,conf0_mhg3,28.64,1303720,50010008,Kraken2,0.47733333333333333,1.30372,Kraken2
Mock community,kraken2,mock_comb2,conf0_mhg5,28.84,1232440,50010008,Kraken2,0.4806666666666667,1.23244,Kraken2
Mock community,kraken2,mock_comb3,conf0.2_mhg2,28.38,1108860,50010010,Kraken2,0.473,1.10886,Kraken2
Mock community,kraken2,mock_comb3,conf0.2_mhg3,28.14,1178004,50010010,Kraken2,0.46900000000000003,1.178004,Kraken2
Mock community,kraken2,mock_comb3,conf0.2_mhg5,28.63,1126624,50010010,Kraken2,0.47716666666666663,1.126624,Kraken2
Mock community,kraken2,mock_comb3,conf0.5_mhg2,27.67,1167032,50010010,Kraken2,0.46116666666666667,1.167032,Kraken2
Mock community,kraken2,mock_comb3,conf0.5_mhg3,28.22,1169100,50010010,Kraken2,0.4703333333333333,1.1691,Kraken2
Mock community,kraken2,mock_comb3,conf0.5_mhg5,28.25,1119140,50010010,Kraken2,0.4708333333333333,1.11914,Kraken2
Mock community,kraken2,mock_comb3,conf0_mhg2,29.15,1327744,50010010,Kraken2,0.4858333333333333,1.327744,Kraken2
Mock community,kraken2,mock_comb3,conf0_mhg3,27.71,1207432,50010010,Kraken2,0.4618333333333334,1.207432,Kraken2
Mock community,kraken2,mock_comb3,conf0_mhg5,28.19,1221760,50010010,Kraken2,0.4698333333333334,1.22176,Kraken2
Mock community,kraken2,mock_comb_fam1,conf0.2_mhg2,26.89,1184816,50010000,Kraken2,0.44816666666666666,1.184816,Kraken2
Mock community,kraken2,mock_comb_fam1,conf0.2_mhg3,27.31,1167040,50010000,Kraken2,0.45516666666666666,1.16704,Kraken2
Mock community,kraken2,mock_comb_fam1,conf0.2_mhg5,27.41,1118336,50010000,Kraken2,0.4568333333333333,1.118336,Kraken2
Mock community,kraken2,mock_comb_fam1,conf0.5_mhg2,27.82,1111420,50010000,Kraken2,0.46366666666666667,1.11142,Kraken2
Mock community,kraken2,mock_comb_fam1,conf0.5_mhg3,28.05,1092108,50010000,Kraken2,0.4675,1.092108,Kraken2
Mock community,kraken2,mock_comb_fam1,conf0.5_mhg5,26.55,1030688,50010000,Kraken2,0.4425,1.030688,Kraken2
Mock community,kraken2,mock_comb_fam1,conf0_mhg2,28.77,1239804,50010000,Kraken2,0.4795,1.239804,Kraken2
Mock community,kraken2,mock_comb_fam1,conf0_mhg3,27.28,1206404,50010000,Kraken2,0.45466666666666666,1.206404,Kraken2
Mock community,kraken2,mock_comb_fam1,conf0_mhg5,27.55,1223728,50010000,Kraken2,0.45916666666666667,1.223728,Kraken2
Mock community,kraken2,mock_comb_fam2,conf0.2_mhg2,28.18,1177636,50010000,Kraken2,0.4696666666666667,1.177636,Kraken2
Mock community,kraken2,mock_comb_fam2,conf0.2_mhg3,28.51,1187776,50010000,Kraken2,0.4751666666666667,1.187776,Kraken2
Mock community,kraken2,mock_comb_fam2,conf0.2_mhg5,28.45,1148788,50010000,Kraken2,0.4741666666666667,1.148788,Kraken2
Mock community,kraken2,mock_comb_fam2,conf0.5_mhg2,28.32,1088388,50010000,Kraken2,0.47200000000000003,1.088388,Kraken2
Mock community,kraken2,mock_comb_fam2,conf0.5_mhg3,28.05,1125232,50010000,Kraken2,0.4675,1.125232,Kraken2
Mock community,kraken2,mock_comb_fam2,conf0.5_mhg5,26.79,1166104,50010000,Kraken2,0.4465,1.166104,Kraken2
Mock community,kraken2,mock_comb_fam2,conf0_mhg2,26.04,1267672,50010000,Kraken2,0.434,1.267672,Kraken2
Mock community,kraken2,mock_comb_fam2,conf0_mhg3,26.68,1216728,50010000,Kraken2,0.44466666666666665,1.216728,Kraken2
Mock community,kraken2,mock_comb_fam2,conf0_mhg5,27.12,1301196,50010000,Kraken2,0.452,1.301196,Kraken2
Mock community,kraken2,mock_comb_fam3,conf0.2_mhg2,28.66,1130572,50010000,Kraken2,0.4776666666666667,1.130572,Kraken2
Mock community,kraken2,mock_comb_fam3,conf0.2_mhg3,28.8,1135124,50010000,Kraken2,0.48000000000000004,1.135124,Kraken2
Mock community,kraken2,mock_comb_fam3,conf0.2_mhg5,28.79,1141488,50010000,Kraken2,0.47983333333333333,1.141488,Kraken2
Mock community,kraken2,mock_comb_fam3,conf0.5_mhg2,26.79,1203024,50010000,Kraken2,0.4465,1.203024,Kraken2
Mock community,kraken2,mock_comb_fam3,conf0.5_mhg3,27.73,1110944,50010000,Kraken2,0.46216666666666667,1.110944,Kraken2
Mock community,kraken2,mock_comb_fam3,conf0.5_mhg5,28.39,1121564,50010000,Kraken2,0.4731666666666667,1.121564,Kraken2
Mock community,kraken2,mock_comb_fam3,conf0_mhg2,28.06,1247992,50010000,Kraken2,0.4676666666666666,1.247992,Kraken2
Mock community,kraken2,mock_comb_fam3,conf0_mhg3,27.22,1294492,50010000,Kraken2,0.45366666666666666,1.294492,Kraken2
Mock community,kraken2,mock_comb_fam3,conf0_mhg5,26.94,1140484,50010000,Kraken2,0.449,1.140484,Kraken2
Mock community,metabuli,mock_comb1,prec0_ms0.15_ptax10239,141.82,17178132,50010002,Metabuli,2.3636666666666666,17.178132,Metabuli
Mock community,metabuli,mock_comb1,prec0_ms0_ptax10239,143.14,17190572,50010002,Metabuli,2.3856666666666664,17.190572,Metabuli
Mock community,metabuli,mock_comb1,prec1_ms0.15_ptax10239,139.41,17183456,50010002,Metabuli,2.3235,17.183456,Metabuli
Mock community,metabuli,mock_comb1,prec1_ms0_ptax10239,141.43,17179864,50010002,Metabuli,2.3571666666666666,17.179864,Metabuli
Mock community,metabuli,mock_comb2,prec0_ms0.15_ptax10239,138.84,17128424,50010008,Metabuli,2.314,17.128424,Metabuli
Mock community,metabuli,mock_comb2,prec0_ms0_ptax10239,139.77,17138696,50010008,Metabuli,2.3295000000000003,17.138696,Metabuli
Mock community,metabuli,mock_comb2,prec1_ms0.15_ptax10239,139.55,17128412,50010008,Metabuli,2.3258333333333336,17.128412,Metabuli
Mock community,metabuli,mock_comb2,prec1_ms0_ptax10239,141.7,17131020,50010008,Metabuli,2.3616666666666664,17.13102,Metabuli
Mock community,metabuli,mock_comb3,prec0_ms0.15_ptax10239,138.99,17004592,50010010,Metabuli,2.3165,17.004592,Metabuli
Mock community,metabuli,mock_comb3,prec0_ms0_ptax10239,140.01,17014096,50010010,Metabuli,2.3335,17.014096,Metabuli
Mock community,metabuli,mock_comb3,prec1_ms0.15_ptax10239,140.05,17019376,50010010,Metabuli,2.334166666666667,17.019376,Metabuli
Mock community,metabuli,mock_comb3,prec1_ms0_ptax10239,143.19,17006276,50010010,Metabuli,2.3865,17.006276,Metabuli
Mock community,metabuli,mock_comb_fam1,prec0_ms0.15_ptax10239,142.96,17304640,50010000,Metabuli,2.3826666666666667,17.30464,Metabuli
Mock community,metabuli,mock_comb_fam1,prec0_ms0_ptax10239,143.1,17308628,50010000,Metabuli,2.385,17.308628,Metabuli
Mock community,metabuli,mock_comb_fam1,prec1_ms0.15_ptax10239,140.09,17308044,50010000,Metabuli,2.3348333333333335,17.308044,Metabuli
Mock community,metabuli,mock_comb_fam1,prec1_ms0_ptax10239,142.34,17310448,50010000,Metabuli,2.372333333333333,17.310448,Metabuli
Mock community,metabuli,mock_comb_fam2,prec0_ms0.15_ptax10239,140.54,17104648,50010000,Metabuli,2.3423333333333334,17.104648,Metabuli
Mock community,metabuli,mock_comb_fam2,prec0_ms0_ptax10239,142.25,17112100,50010000,Metabuli,2.370833333333333,17.1121,Metabuli
Mock community,metabuli,mock_comb_fam2,prec1_ms0.15_ptax10239,140.81,17102624,50010000,Metabuli,2.3468333333333335,17.102624,Metabuli
Mock community,metabuli,mock_comb_fam2,prec1_ms0_ptax10239,142.96,17105108,50010000,Metabuli,2.3826666666666667,17.105108,Metabuli
Mock community,metabuli,mock_comb_fam3,prec0_ms0.15_ptax10239,140.03,17074732,50010000,Metabuli,2.333833333333333,17.074732,Metabuli
Mock community,metabuli,mock_comb_fam3,prec0_ms0_ptax10239,142.1,17085740,50010000,Metabuli,2.368333333333333,17.08574,Metabuli
Mock community,metabuli,mock_comb_fam3,prec1_ms0.15_ptax10239,140.96,17076200,50010000,Metabuli,2.3493333333333335,17.0762,Metabuli
Mock community,metabuli,mock_comb_fam3,prec1_ms0_ptax10239,143.15,17075384,50010000,Metabuli,2.3858333333333333,17.075384,Metabuli
Negative control,esviritu,SRR31273449,sense,1526.57,2249500,68984988,EsViritu,25.442833333333333,2.2495,EsViritu (sense)
Negative control,esviritu,SRR31273449,sr,287.96,1743808,68984988,EsViritu,4.799333333333333,1.743808,EsViritu (sr)
Negative control,esviritu,SRR32674837,sense,1369.83,2345812,51898922,EsViritu,22.830499999999997,2.345812,EsViritu (sense)
Negative control,esviritu,SRR32674837,sr,130.61,1565956,51898922,EsViritu,2.1768333333333336,1.565956,EsViritu (sr)
Negative control,esviritu,SRR38270014,sense,876.74,2077468,76282036,EsViritu,14.612333333333334,2.077468,EsViritu (sense)
Negative control,esviritu,SRR38270014,sr,81.43,1456552,76282036,EsViritu,1.3571666666666669,1.456552,EsViritu (sr)
Negative control,esviritu,SRR38307491,sense,263.39,1961196,41844668,EsViritu,4.389833333333333,1.961196,EsViritu (sense)
Negative control,esviritu,SRR38307491,sr,43.66,1300032,41844668,EsViritu,0.7276666666666666,1.300032,EsViritu (sr)
Negative control,esviritu,SRR38613608,sense,13062,2378208,520370270,EsViritu,217.7,2.378208,EsViritu (sense)
Negative control,esviritu,SRR38613608,sr,1951.42,1641288,520370270,EsViritu,32.52366666666667,1.641288,EsViritu (sr)
Negative control,esviritu,SRR38629931,sense,439.06,2150928,1562554,EsViritu,7.317666666666667,2.150928,EsViritu (sense)
Negative control,esviritu,SRR38629931,sr,104.65,1746136,1562554,EsViritu,1.7441666666666669,1.746136,EsViritu (sr)
Negative control,esviritu,SRR38746368,sense,988.59,1901896,90642330,EsViritu,16.4765,1.901896,EsViritu (sense)
Negative control,esviritu,SRR38746368,sr,149.53,1591248,90642330,EsViritu,2.492166666666667,1.591248,EsViritu (sr)
Negative control,esviritu,chm13v2_10M,sense,228.52,1958928,20000004,EsViritu,3.808666666666667,1.958928,EsViritu (sense)
Negative control,esviritu,chm13v2_10M,sr,32.16,1454804,20000004,EsViritu,0.5359999999999999,1.454804,EsViritu (sr)
Negative control,kraken2,SRR31273449,conf0.2_mhg2,41.93,1355200,68984988,Kraken2,0.6988333333333333,1.3552,Kraken2
Negative control,kraken2,SRR31273449,conf0.2_mhg3,42.81,1349840,68984988,Kraken2,0.7135,1.34984,Kraken2
Negative control,kraken2,SRR31273449,conf0.2_mhg5,42.38,1274752,68984988,Kraken2,0.7063333333333334,1.274752,Kraken2
Negative control,kraken2,SRR31273449,conf0.5_mhg2,42.51,1260888,68984988,Kraken2,0.7085,1.260888,Kraken2
Negative control,kraken2,SRR31273449,conf0.5_mhg3,42.02,1310956,68984988,Kraken2,0.7003333333333334,1.310956,Kraken2
Negative control,kraken2,SRR31273449,conf0.5_mhg5,43.14,1306268,68984988,Kraken2,0.719,1.306268,Kraken2
Negative control,kraken2,SRR31273449,conf0_mhg2,43.62,1343656,68984988,Kraken2,0.727,1.343656,Kraken2
Negative control,kraken2,SRR31273449,conf0_mhg3,43.03,1342868,68984988,Kraken2,0.7171666666666667,1.342868,Kraken2
Negative control,kraken2,SRR31273449,conf0_mhg5,42.54,1368264,68984988,Kraken2,0.709,1.368264,Kraken2
Negative control,kraken2,SRR32674837,conf0.2_mhg2,32.31,1136220,51898922,Kraken2,0.5385000000000001,1.13622,Kraken2
Negative control,kraken2,SRR32674837,conf0.2_mhg3,32.21,1139208,51898922,Kraken2,0.5368333333333334,1.139208,Kraken2
Negative control,kraken2,SRR32674837,conf0.2_mhg5,32.6,1168072,51898922,Kraken2,0.5433333333333333,1.168072,Kraken2
Negative control,kraken2,SRR32674837,conf0.5_mhg2,32.4,1154180,51898922,Kraken2,0.5399999999999999,1.15418,Kraken2
Negative control,kraken2,SRR32674837,conf0.5_mhg3,32.67,1165368,51898922,Kraken2,0.5445,1.165368,Kraken2
Negative control,kraken2,SRR32674837,conf0.5_mhg5,31.97,1188984,51898922,Kraken2,0.5328333333333333,1.188984,Kraken2
Negative control,kraken2,SRR32674837,conf0_mhg2,32.2,1136344,51898922,Kraken2,0.5366666666666667,1.136344,Kraken2
Negative control,kraken2,SRR32674837,conf0_mhg3,32.26,1163288,51898922,Kraken2,0.5376666666666666,1.163288,Kraken2
Negative control,kraken2,SRR32674837,conf0_mhg5,32.13,1116112,51898922,Kraken2,0.5355000000000001,1.116112,Kraken2
Negative control,kraken2,SRR38270014,conf0.2_mhg2,42.69,1615060,76282036,Kraken2,0.7114999999999999,1.61506,Kraken2
Negative control,kraken2,SRR38270014,conf0.2_mhg3,44.2,1606392,76282036,Kraken2,0.7366666666666667,1.606392,Kraken2
Negative control,kraken2,SRR38270014,conf0.2_mhg5,44.54,1513916,76282036,Kraken2,0.7423333333333333,1.513916,Kraken2
Negative control,kraken2,SRR38270014,conf0.5_mhg2,43.69,1597596,76282036,Kraken2,0.7281666666666666,1.597596,Kraken2
Negative control,kraken2,SRR38270014,conf0.5_mhg3,44.52,1492056,76282036,Kraken2,0.7420000000000001,1.492056,Kraken2
Negative control,kraken2,SRR38270014,conf0.5_mhg5,43.3,1575880,76282036,Kraken2,0.7216666666666666,1.57588,Kraken2
Negative control,kraken2,SRR38270014,conf0_mhg2,43.23,1530920,76282036,Kraken2,0.7204999999999999,1.53092,Kraken2
Negative control,kraken2,SRR38270014,conf0_mhg3,44.07,1618748,76282036,Kraken2,0.7345,1.618748,Kraken2
Negative control,kraken2,SRR38270014,conf0_mhg5,43.76,1601488,76282036,Kraken2,0.7293333333333333,1.601488,Kraken2
Negative control,kraken2,SRR38307491,conf0.2_mhg2,25.13,1468424,41844668,Kraken2,0.41883333333333334,1.468424,Kraken2
Negative control,kraken2,SRR38307491,conf0.2_mhg3,24.91,1450520,41844668,Kraken2,0.4151666666666667,1.45052,Kraken2
Negative control,kraken2,SRR38307491,conf0.2_mhg5,25.4,1496904,41844668,Kraken2,0.4233333333333333,1.496904,Kraken2
Negative control,kraken2,SRR38307491,conf0.5_mhg2,24.88,1482152,41844668,Kraken2,0.41466666666666663,1.482152,Kraken2
Negative control,kraken2,SRR38307491,conf0.5_mhg3,25.31,1491988,41844668,Kraken2,0.42183333333333334,1.491988,Kraken2
Negative control,kraken2,SRR38307491,conf0.5_mhg5,24.95,1501668,41844668,Kraken2,0.41583333333333333,1.501668,Kraken2
Negative control,kraken2,SRR38307491,conf0_mhg2,25.02,1515624,41844668,Kraken2,0.417,1.515624,Kraken2
Negative control,kraken2,SRR38307491,conf0_mhg3,25.25,1551980,41844668,Kraken2,0.42083333333333334,1.55198,Kraken2
Negative control,kraken2,SRR38307491,conf0_mhg5,24.98,1396524,41844668,Kraken2,0.41633333333333333,1.396524,Kraken2
Negative control,kraken2,SRR38613608,conf0.2_mhg2,327.07,1486956,520370270,Kraken2,5.4511666666666665,1.486956,Kraken2
Negative control,kraken2,SRR38613608,conf0.2_mhg3,329.17,1451816,520370270,Kraken2,5.486166666666667,1.451816,Kraken2
Negative control,kraken2,SRR38613608,conf0.2_mhg5,326.58,1476704,520370270,Kraken2,5.443,1.476704,Kraken2
Negative control,kraken2,SRR38613608,conf0.5_mhg2,325.56,1477876,520370270,Kraken2,5.426,1.477876,Kraken2
Negative control,kraken2,SRR38613608,conf0.5_mhg3,326.16,1430400,520370270,Kraken2,5.436000000000001,1.4304,Kraken2
Negative control,kraken2,SRR38613608,conf0.5_mhg5,326.2,1469308,520370270,Kraken2,5.4366666666666665,1.469308,Kraken2
Negative control,kraken2,SRR38613608,conf0_mhg2,352.51,1500840,520370270,Kraken2,5.875166666666667,1.50084,Kraken2
Negative control,kraken2,SRR38613608,conf0_mhg3,329.67,1440260,520370270,Kraken2,5.4945,1.44026,Kraken2
Negative control,kraken2,SRR38613608,conf0_mhg5,327.51,1386240,520370270,Kraken2,5.4585,1.38624,Kraken2
Negative control,kraken2,SRR38629931,conf0.2_mhg2,19.29,1642640,1562554,Kraken2,0.3215,1.64264,Kraken2
Negative control,kraken2,SRR38629931,conf0.2_mhg3,19.89,1606572,1562554,Kraken2,0.3315,1.6065719999999999,Kraken2
Negative control,kraken2,SRR38629931,conf0.2_mhg5,19.55,1679800,1562554,Kraken2,0.32583333333333336,1.6798,Kraken2
Negative control,kraken2,SRR38629931,conf0.5_mhg2,19.56,1589312,1562554,Kraken2,0.32599999999999996,1.589312,Kraken2
Negative control,kraken2,SRR38629931,conf0.5_mhg3,17.74,1596788,1562554,Kraken2,0.29566666666666663,1.596788,Kraken2
Negative control,kraken2,SRR38629931,conf0.5_mhg5,18.58,1581016,1562554,Kraken2,0.30966666666666665,1.581016,Kraken2
Negative control,kraken2,SRR38629931,conf0_mhg2,19.9,1703912,1562554,Kraken2,0.33166666666666667,1.703912,Kraken2
Negative control,kraken2,SRR38629931,conf0_mhg3,19.71,1646500,1562554,Kraken2,0.3285,1.6465,Kraken2
Negative control,kraken2,SRR38629931,conf0_mhg5,19.27,1666480,1562554,Kraken2,0.32116666666666666,1.66648,Kraken2
Negative control,kraken2,SRR38746368,conf0.2_mhg2,50.51,1447636,90642330,Kraken2,0.8418333333333333,1.447636,Kraken2
Negative control,kraken2,SRR38746368,conf0.2_mhg3,52.43,1508092,90642330,Kraken2,0.8738333333333334,1.508092,Kraken2
Negative control,kraken2,SRR38746368,conf0.2_mhg5,51.59,1482336,90642330,Kraken2,0.8598333333333333,1.482336,Kraken2
Negative control,kraken2,SRR38746368,conf0.5_mhg2,54.05,1170524,90642330,Kraken2,0.9008333333333333,1.170524,Kraken2
Negative control,kraken2,SRR38746368,conf0.5_mhg3,53.32,1151052,90642330,Kraken2,0.8886666666666667,1.151052,Kraken2
Negative control,kraken2,SRR38746368,conf0.5_mhg5,53.47,1164600,90642330,Kraken2,0.8911666666666667,1.1646,Kraken2
Negative control,kraken2,SRR38746368,conf0_mhg2,52.94,1709148,90642330,Kraken2,0.8823333333333333,1.709148,Kraken2
Negative control,kraken2,SRR38746368,conf0_mhg3,51.16,1575252,90642330,Kraken2,0.8526666666666666,1.575252,Kraken2
Negative control,kraken2,SRR38746368,conf0_mhg5,52.95,1572240,90642330,Kraken2,0.8825000000000001,1.57224,Kraken2
Negative control,kraken2,chm13v2_10M,conf0.2_mhg2,11.63,1194264,20000004,Kraken2,0.19383333333333336,1.194264,Kraken2
Negative control,kraken2,chm13v2_10M,conf0.2_mhg3,12.06,1185176,20000004,Kraken2,0.201,1.185176,Kraken2
Negative control,kraken2,chm13v2_10M,conf0.2_mhg5,12.04,1164580,20000004,Kraken2,0.20066666666666666,1.16458,Kraken2
Negative control,kraken2,chm13v2_10M,conf0.5_mhg2,11.88,1195512,20000004,Kraken2,0.198,1.195512,Kraken2
Negative control,kraken2,chm13v2_10M,conf0.5_mhg3,11.66,1181156,20000004,Kraken2,0.19433333333333333,1.181156,Kraken2
Negative control,kraken2,chm13v2_10M,conf0.5_mhg5,11.39,1171224,20000004,Kraken2,0.18983333333333335,1.171224,Kraken2
Negative control,kraken2,chm13v2_10M,conf0_mhg2,12.27,1177420,20000004,Kraken2,0.2045,1.17742,Kraken2
Negative control,kraken2,chm13v2_10M,conf0_mhg3,11.94,1213072,20000004,Kraken2,0.19899999999999998,1.213072,Kraken2
Negative control,kraken2,chm13v2_10M,conf0_mhg5,11.49,1183380,20000004,Kraken2,0.1915,1.18338,Kraken2
Negative control,metabuli,SRR31273449,prec0_ms0.15_ptax10239,172.01,17462332,68984988,Metabuli,2.866833333333333,17.462332,Metabuli
Negative control,metabuli,SRR31273449,prec0_ms0_ptax10239,172.76,17469656,68984988,Metabuli,2.8793333333333333,17.469656,Metabuli
Negative control,metabuli,SRR31273449,prec1_ms0.15_ptax10239,172.57,17459732,68984988,Metabuli,2.8761666666666668,17.459732,Metabuli
Negative control,metabuli,SRR31273449,prec1_ms0_ptax10239,172.93,17458548,68984988,Metabuli,2.882166666666667,17.458548,Metabuli
Negative control,metabuli,SRR32674837,prec0_ms0.15_ptax10239,118.25,18381956,51898922,Metabuli,1.9708333333333334,18.381956,Metabuli
Negative control,metabuli,SRR32674837,prec0_ms0_ptax10239,116.06,18390772,51898922,Metabuli,1.9343333333333335,18.390772,Metabuli
Negative control,metabuli,SRR32674837,prec1_ms0.15_ptax10239,116.44,18379180,51898922,Metabuli,1.9406666666666665,18.37918,Metabuli
Negative control,metabuli,SRR32674837,prec1_ms0_ptax10239,117.1,18381128,51898922,Metabuli,1.9516666666666667,18.381128,Metabuli
Negative control,metabuli,SRR38270014,prec0_ms0.15_ptax10239,191.28,16887296,76282036,Metabuli,3.188,16.887296,Metabuli
Negative control,metabuli,SRR38270014,prec0_ms0_ptax10239,189.94,16898664,76282036,Metabuli,3.1656666666666666,16.898664,Metabuli
Negative control,metabuli,SRR38270014,prec1_ms0.15_ptax10239,189.38,16887544,76282036,Metabuli,3.1563333333333334,16.887544,Metabuli
Negative control,metabuli,SRR38270014,prec1_ms0_ptax10239,193.87,16885744,76282036,Metabuli,3.2311666666666667,16.885744,Metabuli
Negative control,metabuli,SRR38307491,prec0_ms0.15_ptax10239,104.98,17132816,41844668,Metabuli,1.7496666666666667,17.132816,Metabuli
Negative control,metabuli,SRR38307491,prec0_ms0_ptax10239,108.45,17150956,41844668,Metabuli,1.8075,17.150956,Metabuli
Negative control,metabuli,SRR38307491,prec1_ms0.15_ptax10239,103.59,17132324,41844668,Metabuli,1.7265000000000001,17.132324,Metabuli
Negative control,metabuli,SRR38307491,prec1_ms0_ptax10239,110.13,17131640,41844668,Metabuli,1.8355,17.13164,Metabuli
Negative control,metabuli,SRR38613608,prec0_ms0.15_ptax10239,1357.05,17191084,520370270,Metabuli,22.6175,17.191084,Metabuli
Negative control,metabuli,SRR38613608,prec0_ms0_ptax10239,1346.77,17200568,520370270,Metabuli,22.446166666666667,17.200568,Metabuli
Negative control,metabuli,SRR38613608,prec1_ms0.15_ptax10239,1361.88,17190884,520370270,Metabuli,22.698,17.190884,Metabuli
Negative control,metabuli,SRR38613608,prec1_ms0_ptax10239,1358.52,17190352,520370270,Metabuli,22.642,17.190352,Metabuli
Negative control,metabuli,SRR38629931,prec0_ms0.15_ptax10239,75.38,16705892,1562554,Metabuli,1.2563333333333333,16.705892,Metabuli
Negative control,metabuli,SRR38629931,prec0_ms0_ptax10239,76.01,16721112,1562554,Metabuli,1.2668333333333335,16.721112,Metabuli
Negative control,metabuli,SRR38629931,prec1_ms0.15_ptax10239,73.79,16708744,1562554,Metabuli,1.2298333333333333,16.708744,Metabuli
Negative control,metabuli,SRR38629931,prec1_ms0_ptax10239,75.66,16702268,1562554,Metabuli,1.261,16.702268,Metabuli
Negative control,metabuli,SRR38746368,prec0_ms0.15_ptax10239,259.75,17124444,90642330,Metabuli,4.329166666666667,17.124444,Metabuli
Negative control,metabuli,SRR38746368,prec0_ms0_ptax10239,260.67,17122872,90642330,Metabuli,4.3445,17.122872,Metabuli
Negative control,metabuli,SRR38746368,prec1_ms0.15_ptax10239,259.1,17121316,90642330,Metabuli,4.318333333333333,17.121316,Metabuli
Negative control,metabuli,SRR38746368,prec1_ms0_ptax10239,264.73,17121988,90642330,Metabuli,4.412166666666667,17.121988,Metabuli
Negative control,metabuli,chm13v2_10M,prec0_ms0.15_ptax10239,51.78,16866672,20000004,Metabuli,0.863,16.866672,Metabuli
Negative control,metabuli,chm13v2_10M,prec0_ms0_ptax10239,51.42,16870840,20000004,Metabuli,0.857,16.87084,Metabuli
Negative control,metabuli,chm13v2_10M,prec1_ms0.15_ptax10239,50.7,16863636,20000004,Metabuli,0.8450000000000001,16.863636,Metabuli
Negative control,metabuli,chm13v2_10M,prec1_ms0_ptax10239,52.35,16863000,20000004,Metabuli,0.8725,16.863,Metabuli
Mock community,centrifuger,mock_comb1,mhl100_ms0,49.839999999999996,201868,50010002,Centrifuger,0.8306666666666666,0.201868,Centrifuger
Mock community,centrifuger,mock_comb1,mhl100_ms100,49.849999999999994,201868,50010002,Centrifuger,0.8308333333333332,0.201868,Centrifuger
Mock community,centrifuger,mock_comb1,mhl100_ms500,49.83,201868,50010002,Centrifuger,0.8305,0.201868,Centrifuger
Mock community,centrifuger,mock_comb1,mhl50_ms0,88.44999999999999,202116,50010002,Centrifuger,1.4741666666666664,0.202116,Centrifuger
Mock community,centrifuger,mock_comb1,mhl50_ms100,88.44,202116,50010002,Centrifuger,1.474,0.202116,Centrifuger
Mock community,centrifuger,mock_comb1,mhl50_ms500,88.44999999999999,202116,50010002,Centrifuger,1.4741666666666664,0.202116,Centrifuger
Mock community,centrifuger,mock_comb1,mhlauto_ms0,116.6,209324,50010002,Centrifuger,1.9433333333333331,0.209324,Centrifuger
Mock community,centrifuger,mock_comb1,mhlauto_ms100,116.56,209324,50010002,Centrifuger,1.9426666666666668,0.209324,Centrifuger
Mock community,centrifuger,mock_comb1,mhlauto_ms500,116.55,209324,50010002,Centrifuger,1.9425,0.209324,Centrifuger
Mock community,centrifuger,mock_comb2,mhl100_ms0,61.22,193636,50010008,Centrifuger,1.0203333333333333,0.193636,Centrifuger
Mock community,centrifuger,mock_comb2,mhl100_ms100,61.25,193636,50010008,Centrifuger,1.0208333333333333,0.193636,Centrifuger
Mock community,centrifuger,mock_comb2,mhl100_ms500,61.23,193636,50010008,Centrifuger,1.0205,0.193636,Centrifuger
Mock community,centrifuger,mock_comb2,mhl50_ms0,91.69,199816,50010008,Centrifuger,1.5281666666666667,0.199816,Centrifuger
Mock community,centrifuger,mock_comb2,mhl50_ms100,91.61,199816,50010008,Centrifuger,1.5268333333333333,0.199816,Centrifuger
Mock community,centrifuger,mock_comb2,mhl50_ms500,91.67,199816,50010008,Centrifuger,1.5278333333333334,0.199816,Centrifuger
Mock community,centrifuger,mock_comb2,mhlauto_ms0,119.44,195968,50010008,Centrifuger,1.9906666666666666,0.195968,Centrifuger
Mock community,centrifuger,mock_comb2,mhlauto_ms100,119.42999999999999,195968,50010008,Centrifuger,1.9905,0.195968,Centrifuger
Mock community,centrifuger,mock_comb2,mhlauto_ms500,119.41,195968,50010008,Centrifuger,1.9901666666666666,0.195968,Centrifuger
Mock community,centrifuger,mock_comb3,mhl100_ms0,52.29,196012,50010010,Centrifuger,0.8714999999999999,0.196012,Centrifuger
Mock community,centrifuger,mock_comb3,mhl100_ms100,52.3,196012,50010010,Centrifuger,0.8716666666666666,0.196012,Centrifuger
Mock community,centrifuger,mock_comb3,mhl100_ms500,52.22,196012,50010010,Centrifuger,0.8703333333333333,0.196012,Centrifuger
Mock community,centrifuger,mock_comb3,mhl50_ms0,89,209812,50010010,Centrifuger,1.4833333333333334,0.209812,Centrifuger
Mock community,centrifuger,mock_comb3,mhl50_ms100,89.06,209812,50010010,Centrifuger,1.4843333333333333,0.209812,Centrifuger
Mock community,centrifuger,mock_comb3,mhl50_ms500,89.02000000000001,209812,50010010,Centrifuger,1.483666666666667,0.209812,Centrifuger
Mock community,centrifuger,mock_comb3,mhlauto_ms0,117.07000000000001,208636,50010010,Centrifuger,1.9511666666666667,0.208636,Centrifuger
Mock community,centrifuger,mock_comb3,mhlauto_ms100,117.08000000000001,208636,50010010,Centrifuger,1.9513333333333336,0.208636,Centrifuger
Mock community,centrifuger,mock_comb3,mhlauto_ms500,117.02000000000001,208636,50010010,Centrifuger,1.9503333333333335,0.208636,Centrifuger
Mock community,centrifuger,mock_comb_fam1,mhl100_ms0,51.330000000000005,174768,50010000,Centrifuger,0.8555,0.174768,Centrifuger
Mock community,centrifuger,mock_comb_fam1,mhl100_ms100,51.32,174768,50010000,Centrifuger,0.8553333333333334,0.174768,Centrifuger
Mock community,centrifuger,mock_comb_fam1,mhl100_ms500,51.28,174768,50010000,Centrifuger,0.8546666666666667,0.174768,Centrifuger
Mock community,centrifuger,mock_comb_fam1,mhl50_ms0,91.54,167960,50010000,Centrifuger,1.5256666666666667,0.16796,Centrifuger
Mock community,centrifuger,mock_comb_fam1,mhl50_ms100,91.55,167960,50010000,Centrifuger,1.5258333333333334,0.16796,Centrifuger
Mock community,centrifuger,mock_comb_fam1,mhl50_ms500,91.58,167960,50010000,Centrifuger,1.5263333333333333,0.16796,Centrifuger
Mock community,centrifuger,mock_comb_fam1,mhlauto_ms0,107.26,194044,50010000,Centrifuger,1.7876666666666667,0.194044,Centrifuger
Mock community,centrifuger,mock_comb_fam1,mhlauto_ms100,107.24000000000001,194044,50010000,Centrifuger,1.7873333333333334,0.194044,Centrifuger
Mock community,centrifuger,mock_comb_fam1,mhlauto_ms500,107.23,194044,50010000,Centrifuger,1.7871666666666668,0.194044,Centrifuger
Mock community,centrifuger,mock_comb_fam2,mhl100_ms0,51.089999999999996,190596,50010000,Centrifuger,0.8514999999999999,0.190596,Centrifuger
Mock community,centrifuger,mock_comb_fam2,mhl100_ms100,51.019999999999996,190596,50010000,Centrifuger,0.8503333333333333,0.190596,Centrifuger
Mock community,centrifuger,mock_comb_fam2,mhl100_ms500,51,190596,50010000,Centrifuger,0.85,0.190596,Centrifuger
Mock community,centrifuger,mock_comb_fam2,mhl50_ms0,96.05,207460,50010000,Centrifuger,1.6008333333333333,0.20746,Centrifuger
Mock community,centrifuger,mock_comb_fam2,mhl50_ms100,95.99,207460,50010000,Centrifuger,1.5998333333333332,0.20746,Centrifuger
Mock community,centrifuger,mock_comb_fam2,mhl50_ms500,96.00999999999999,207460,50010000,Centrifuger,1.6001666666666665,0.20746,Centrifuger
Mock community,centrifuger,mock_comb_fam2,mhlauto_ms0,110.39,167844,50010000,Centrifuger,1.8398333333333334,0.167844,Centrifuger
Mock community,centrifuger,mock_comb_fam2,mhlauto_ms100,110.38,167844,50010000,Centrifuger,1.8396666666666666,0.167844,Centrifuger
Mock community,centrifuger,mock_comb_fam2,mhlauto_ms500,110.45,167844,50010000,Centrifuger,1.8408333333333333,0.167844,Centrifuger
Mock community,centrifuger,mock_comb_fam3,mhl100_ms0,48.190000000000005,171400,50010000,Centrifuger,0.8031666666666667,0.1714,Centrifuger
Mock community,centrifuger,mock_comb_fam3,mhl100_ms100,48.21,171400,50010000,Centrifuger,0.8035,0.1714,Centrifuger
Mock community,centrifuger,mock_comb_fam3,mhl100_ms500,48.220000000000006,171400,50010000,Centrifuger,0.8036666666666668,0.1714,Centrifuger
Mock community,centrifuger,mock_comb_fam3,mhl50_ms0,82.17999999999999,178064,50010000,Centrifuger,1.3696666666666666,0.178064,Centrifuger
Mock community,centrifuger,mock_comb_fam3,mhl50_ms100,82.19,178064,50010000,Centrifuger,1.3698333333333332,0.178064,Centrifuger
Mock community,centrifuger,mock_comb_fam3,mhl50_ms500,82.17999999999999,178064,50010000,Centrifuger,1.3696666666666666,0.178064,Centrifuger
Mock community,centrifuger,mock_comb_fam3,mhlauto_ms0,114.28,191528,50010000,Centrifuger,1.9046666666666667,0.191528,Centrifuger
Mock community,centrifuger,mock_comb_fam3,mhlauto_ms100,114.27,191528,50010000,Centrifuger,1.9044999999999999,0.191528,Centrifuger
Mock community,centrifuger,mock_comb_fam3,mhlauto_ms500,114.27,191528,50010000,Centrifuger,1.9044999999999999,0.191528,Centrifuger
Negative control,centrifuger,SRR31273449,mhl100_ms0,79.47,231548,68984988,Centrifuger,1.3245,0.231548,Centrifuger
Negative control,centrifuger,SRR31273449,mhl100_ms100,79.52,231548,68984988,Centrifuger,1.3253333333333333,0.231548,Centrifuger
Negative control,centrifuger,SRR31273449,mhl100_ms500,79.47999999999999,231548,68984988,Centrifuger,1.3246666666666664,0.231548,Centrifuger
Negative control,centrifuger,SRR31273449,mhl50_ms0,130.58,311900,68984988,Centrifuger,2.1763333333333335,0.3119,Centrifuger
Negative control,centrifuger,SRR31273449,mhl50_ms100,130.59,311900,68984988,Centrifuger,2.1765,0.3119,Centrifuger
Negative control,centrifuger,SRR31273449,mhl50_ms500,130.56,311900,68984988,Centrifuger,2.176,0.3119,Centrifuger
Negative control,centrifuger,SRR31273449,mhlauto_ms0,162.06,288612,68984988,Centrifuger,2.701,0.288612,Centrifuger
Negative control,centrifuger,SRR31273449,mhlauto_ms100,162.03,288612,68984988,Centrifuger,2.7005,0.288612,Centrifuger
Negative control,centrifuger,SRR31273449,mhlauto_ms500,161.88,288612,68984988,Centrifuger,2.698,0.288612,Centrifuger
Negative control,centrifuger,SRR32674837,mhl100_ms0,54.059999999999995,360752,51898922,Centrifuger,0.9009999999999999,0.360752,Centrifuger
Negative control,centrifuger,SRR32674837,mhl100_ms100,54.059999999999995,360752,51898922,Centrifuger,0.9009999999999999,0.360752,Centrifuger
Negative control,centrifuger,SRR32674837,mhl100_ms500,54.059999999999995,360752,51898922,Centrifuger,0.9009999999999999,0.360752,Centrifuger
Negative control,centrifuger,SRR32674837,mhl50_ms0,68.99000000000001,378948,51898922,Centrifuger,1.1498333333333335,0.378948,Centrifuger
Negative control,centrifuger,SRR32674837,mhl50_ms100,69.03,378948,51898922,Centrifuger,1.1505,0.378948,Centrifuger
Negative control,centrifuger,SRR32674837,mhl50_ms500,69.03,378948,51898922,Centrifuger,1.1505,0.378948,Centrifuger
Negative control,centrifuger,SRR32674837,mhlauto_ms0,86.09,312436,51898922,Centrifuger,1.4348333333333334,0.312436,Centrifuger
Negative control,centrifuger,SRR32674837,mhlauto_ms100,86.02,312436,51898922,Centrifuger,1.4336666666666666,0.312436,Centrifuger
Negative control,centrifuger,SRR32674837,mhlauto_ms500,86.04,312436,51898922,Centrifuger,1.4340000000000002,0.312436,Centrifuger
Negative control,centrifuger,SRR38270014,mhl100_ms0,86.39,197992,76282036,Centrifuger,1.4398333333333333,0.197992,Centrifuger
Negative control,centrifuger,SRR38270014,mhl100_ms100,86.4,197992,76282036,Centrifuger,1.4400000000000002,0.197992,Centrifuger
Negative control,centrifuger,SRR38270014,mhl100_ms500,86.41,197992,76282036,Centrifuger,1.4401666666666666,0.197992,Centrifuger
Negative control,centrifuger,SRR38270014,mhl50_ms0,133.66,161388,76282036,Centrifuger,2.2276666666666665,0.161388,Centrifuger
Negative control,centrifuger,SRR38270014,mhl50_ms100,133.62,161388,76282036,Centrifuger,2.227,0.161388,Centrifuger
Negative control,centrifuger,SRR38270014,mhl50_ms500,133.66,161388,76282036,Centrifuger,2.2276666666666665,0.161388,Centrifuger
Negative control,centrifuger,SRR38270014,mhlauto_ms0,199.24,188296,76282036,Centrifuger,3.320666666666667,0.188296,Centrifuger
Negative control,centrifuger,SRR38270014,mhlauto_ms100,199.19,188296,76282036,Centrifuger,3.3198333333333334,0.188296,Centrifuger
Negative control,centrifuger,SRR38270014,mhlauto_ms500,199.16,188296,76282036,Centrifuger,3.3193333333333332,0.188296,Centrifuger
Negative control,centrifuger,SRR38307491,mhl100_ms0,37,154740,41844668,Centrifuger,0.6166666666666667,0.15474,Centrifuger
Negative control,centrifuger,SRR38307491,mhl100_ms100,37.01,154740,41844668,Centrifuger,0.6168333333333333,0.15474,Centrifuger
Negative control,centrifuger,SRR38307491,mhl100_ms500,36.99,154740,41844668,Centrifuger,0.6165,0.15474,Centrifuger
Negative control,centrifuger,SRR38307491,mhl50_ms0,66.15,156504,41844668,Centrifuger,1.1025,0.156504,Centrifuger
Negative control,centrifuger,SRR38307491,mhl50_ms100,66.15,156504,41844668,Centrifuger,1.1025,0.156504,Centrifuger
Negative control,centrifuger,SRR38307491,mhl50_ms500,66.14,156504,41844668,Centrifuger,1.1023333333333334,0.156504,Centrifuger
Negative control,centrifuger,SRR38307491,mhlauto_ms0,83.35000000000001,156524,41844668,Centrifuger,1.3891666666666669,0.156524,Centrifuger
Negative control,centrifuger,SRR38307491,mhlauto_ms100,83.33000000000001,156524,41844668,Centrifuger,1.3888333333333336,0.156524,Centrifuger
Negative control,centrifuger,SRR38307491,mhlauto_ms500,83.32000000000001,156524,41844668,Centrifuger,1.3886666666666667,0.156524,Centrifuger
Negative control,centrifuger,SRR38613608,mhl100_ms0,539.6999999999999,318576,520370270,Centrifuger,8.995,0.318576,Centrifuger
Negative control,centrifuger,SRR38613608,mhl100_ms100,539.46,318576,520370270,Centrifuger,8.991000000000001,0.318576,Centrifuger
Negative control,centrifuger,SRR38613608,mhl100_ms500,539.1999999999999,318576,520370270,Centrifuger,8.986666666666666,0.318576,Centrifuger
Negative control,centrifuger,SRR38613608,mhl50_ms0,869.5600000000001,350660,520370270,Centrifuger,14.492666666666668,0.35066,Centrifuger
Negative control,centrifuger,SRR38613608,mhl50_ms100,869.61,350660,520370270,Centrifuger,14.493500000000001,0.35066,Centrifuger
Negative control,centrifuger,SRR38613608,mhl50_ms500,869.85,350660,520370270,Centrifuger,14.4975,0.35066,Centrifuger
Negative control,centrifuger,SRR38613608,mhlauto_ms0,914.2099999999999,665868,520370270,Centrifuger,15.236833333333331,0.665868,Centrifuger
Negative control,centrifuger,SRR38613608,mhlauto_ms100,913.41,666056,520370270,Centrifuger,15.2235,0.666056,Centrifuger
Negative control,centrifuger,SRR38613608,mhlauto_ms500,912.0699999999999,208208,520370270,Centrifuger,15.201166666666666,0.208208,Centrifuger
Negative control,centrifuger,SRR38746368,mhl100_ms0,92.74000000000001,211952,90642330,Centrifuger,1.5456666666666667,0.211952,Centrifuger
Negative control,centrifuger,SRR38746368,mhl100_ms100,92.74000000000001,211952,90642330,Centrifuger,1.5456666666666667,0.211952,Centrifuger
Negative control,centrifuger,SRR38746368,mhl100_ms500,92.77000000000001,211952,90642330,Centrifuger,1.546166666666667,0.211952,Centrifuger
Negative control,centrifuger,SRR38746368,mhl50_ms0,154.07999999999998,192336,90642330,Centrifuger,2.5679999999999996,0.192336,Centrifuger
Negative control,centrifuger,SRR38746368,mhl50_ms100,154.09,192336,90642330,Centrifuger,2.568166666666667,0.192336,Centrifuger
Negative control,centrifuger,SRR38746368,mhl50_ms500,154.07,192336,90642330,Centrifuger,2.567833333333333,0.192336,Centrifuger
Negative control,centrifuger,SRR38746368,mhlauto_ms0,187.26999999999998,165456,90642330,Centrifuger,3.1211666666666664,0.165456,Centrifuger
Negative control,centrifuger,SRR38746368,mhlauto_ms100,187.19,165456,90642330,Centrifuger,3.1198333333333332,0.165456,Centrifuger
Negative control,centrifuger,SRR38746368,mhlauto_ms500,187.04999999999998,165456,90642330,Centrifuger,3.1174999999999997,0.165456,Centrifuger
Negative control,centrifuger,chm13v2_10M,mhl100_ms0,21.869999999999997,159312,20000004,Centrifuger,0.36449999999999994,0.159312,Centrifuger
Negative control,centrifuger,chm13v2_10M,mhl100_ms100,21.88,159312,20000004,Centrifuger,0.36466666666666664,0.159312,Centrifuger
Negative control,centrifuger,chm13v2_10M,mhl100_ms500,21.869999999999997,159312,20000004,Centrifuger,0.36449999999999994,0.159312,Centrifuger
Negative control,centrifuger,chm13v2_10M,mhl50_ms0,36.17,161372,20000004,Centrifuger,0.6028333333333333,0.161372,Centrifuger
Negative control,centrifuger,chm13v2_10M,mhl50_ms100,36.17,161372,20000004,Centrifuger,0.6028333333333333,0.161372,Centrifuger
Negative control,centrifuger,chm13v2_10M,mhl50_ms500,36.17,161372,20000004,Centrifuger,0.6028333333333333,0.161372,Centrifuger
Negative control,centrifuger,chm13v2_10M,mhlauto_ms0,44.29,159580,20000004,Centrifuger,0.7381666666666666,0.15958,Centrifuger
Negative control,centrifuger,chm13v2_10M,mhlauto_ms100,44.23,159580,20000004,Centrifuger,0.7371666666666666,0.15958,Centrifuger
Negative control,centrifuger,chm13v2_10M,mhlauto_ms500,44.14,159580,20000004,Centrifuger,0.7356666666666667,0.15958,Centrifuger
Mock community,sylph,mock_comb1,mnk10,109.91,768900,50010002,Sylph,1.8318333333333332,0.7689,Sylph
Mock community,sylph,mock_comb1,mnk20,109.9,768900,50010002,Sylph,1.8316666666666668,0.7689,Sylph
Mock community,sylph,mock_comb1,mnk50,109.9,768900,50010002,Sylph,1.8316666666666668,0.7689,Sylph
Mock community,sylph,mock_comb2,mnk10,109.89999999999999,768900,50010008,Sylph,1.8316666666666666,0.7689,Sylph
Mock community,sylph,mock_comb2,mnk20,109.89,768900,50010008,Sylph,1.8315,0.7689,Sylph
Mock community,sylph,mock_comb2,mnk50,109.89,768900,50010008,Sylph,1.8315,0.7689,Sylph
Mock community,sylph,mock_comb3,mnk10,110.01,768992,50010010,Sylph,1.8335000000000001,0.768992,Sylph
Mock community,sylph,mock_comb3,mnk20,110.01,768992,50010010,Sylph,1.8335000000000001,0.768992,Sylph
Mock community,sylph,mock_comb3,mnk50,110.01,768992,50010010,Sylph,1.8335000000000001,0.768992,Sylph
Mock community,sylph,mock_comb_fam1,mnk10,110.41,768900,50010000,Sylph,1.8401666666666665,0.7689,Sylph
Mock community,sylph,mock_comb_fam1,mnk20,110.39,768900,50010000,Sylph,1.8398333333333334,0.7689,Sylph
Mock community,sylph,mock_comb_fam1,mnk50,110.39,768900,50010000,Sylph,1.8398333333333334,0.7689,Sylph
Mock community,sylph,mock_comb_fam2,mnk10,110,768896,50010000,Sylph,1.8333333333333333,0.768896,Sylph
Mock community,sylph,mock_comb_fam2,mnk20,109.99000000000001,768896,50010000,Sylph,1.8331666666666668,0.768896,Sylph
Mock community,sylph,mock_comb_fam2,mnk50,109.99000000000001,768896,50010000,Sylph,1.8331666666666668,0.768896,Sylph
Mock community,sylph,mock_comb_fam3,mnk10,108.67999999999999,768900,50010000,Sylph,1.8113333333333332,0.7689,Sylph
Mock community,sylph,mock_comb_fam3,mnk20,108.67,768900,50010000,Sylph,1.8111666666666666,0.7689,Sylph
Mock community,sylph,mock_comb_fam3,mnk50,108.67,768900,50010000,Sylph,1.8111666666666666,0.7689,Sylph
Negative control,sylph,SRR31273449,mnk10,141.03,1956724,68984988,Sylph,2.3505,1.956724,Sylph
Negative control,sylph,SRR31273449,mnk20,141.04,1956724,68984988,Sylph,2.3506666666666667,1.956724,Sylph
Negative control,sylph,SRR31273449,mnk50,141.03,1956724,68984988,Sylph,2.3505,1.956724,Sylph
Negative control,sylph,SRR32674837,mnk10,57.86,564064,51898922,Sylph,0.9643333333333334,0.564064,Sylph
Negative control,sylph,SRR32674837,mnk20,57.85,564064,51898922,Sylph,0.9641666666666667,0.564064,Sylph
Negative control,sylph,SRR32674837,mnk50,57.85,564064,51898922,Sylph,0.9641666666666667,0.564064,Sylph
Negative control,sylph,SRR38270014,mnk10,161.46,1956688,76282036,Sylph,2.6910000000000003,1.956688,Sylph
Negative control,sylph,SRR38270014,mnk20,161.46,1956688,76282036,Sylph,2.6910000000000003,1.956688,Sylph
Negative control,sylph,SRR38270014,mnk50,161.46,1956688,76282036,Sylph,2.6910000000000003,1.956688,Sylph
Negative control,sylph,SRR38307491,mnk10,79.95,1956716,41844668,Sylph,1.3325,1.956716,Sylph
Negative control,sylph,SRR38307491,mnk20,79.95,1956716,41844668,Sylph,1.3325,1.956716,Sylph
Negative control,sylph,SRR38307491,mnk50,79.95,1956716,41844668,Sylph,1.3325,1.956716,Sylph
Negative control,sylph,SRR38613608,mnk10,1201.53,3971972,520370270,Sylph,20.0255,3.971972,Sylph
Negative control,sylph,SRR38613608,mnk20,1201.53,3971972,520370270,Sylph,20.0255,3.971972,Sylph
Negative control,sylph,SRR38613608,mnk50,1201.52,3971972,520370270,Sylph,20.025333333333332,3.971972,Sylph
Negative control,sylph,SRR38629931,mnk10,12.6,844592,1562554,Sylph,0.21,0.844592,Sylph
Negative control,sylph,SRR38629931,mnk20,12.6,844592,1562554,Sylph,0.21,0.844592,Sylph
Negative control,sylph,SRR38629931,mnk50,12.6,844592,1562554,Sylph,0.21,0.844592,Sylph
Negative control,sylph,SRR38746368,mnk10,205.85000000000002,768900,90642330,Sylph,3.4308333333333336,0.7689,Sylph
Negative control,sylph,SRR38746368,mnk20,205.85000000000002,768900,90642330,Sylph,3.4308333333333336,0.7689,Sylph
Negative control,sylph,SRR38746368,mnk50,205.85000000000002,768900,90642330,Sylph,3.4308333333333336,0.7689,Sylph
Negative control,sylph,chm13v2_10M,mnk10,33.410000000000004,957300,20000004,Sylph,0.5568333333333334,0.9573,Sylph
Negative control,sylph,chm13v2_10M,mnk20,33.4,957300,20000004,Sylph,0.5566666666666666,0.9573,Sylph
Negative control,sylph,chm13v2_10M,mnk50,33.410000000000004,957300,20000004,Sylph,0.5568333333333334,0.9573,Sylph
