benchmark,base_tool,n_runs,median_min,mean_min,median_mem_gb,mean_mem_gb
Mock community,EsViritu,12,4.341416666666667,4.487305555555555,1.738762,1.795888
Mock community,Centrifuger,54,1.505,1.423851851851852,0.195006,0.19226955555555555
Mock community,Kraken2,54,0.46758333333333335,0.46564506172839504,1.156414,1.1700641481481482
Mock community,Metabuli,24,2.35325,2.3536041666666665,17.120256,17.1363005
Mock community,Sylph,18,1.8325,1.8301944444444445,0.7689,0.7689146666666666
Negative control,EsViritu,16,4.594583333333333,22.433458333333334,1.8240159999999999,1.845235
Negative control,Centrifuger,63,1.4400000000000002,3.21073544973545,0.197992,0.24439339682539685
Negative control,Kraken2,72,0.6216666666666666,1.1614027777777778,1.451168,1.4037276666666667
Negative control,Metabuli,32,2.418833333333333,4.856927083333333,17.128042,17.22049875
Negative control,Sylph,24,1.8415,3.945166666666667,1.456994,1.6221195
